{
  "type": "FeatureCollection",
  "features": [
    {
      "type": "Feature",
      "properties": {
        "bairro": "Adhemar Garcia"
      },
      "geometry": {
        "type": "MultiPolygon",
        "coordinates": [
          [
            [
              [
                -48.79747277,
                -26.32330442000001
              ],
              [
                -48.80232154,
                -26.32899948
              ],
              [
                -48.80260750999998,
                -26.32943719
              ],
              [
                -48.80237406,
                -26.32969399000001
              ],
              [
                -48.802601670000016,
                -26.33016088000002
              ],
              [
                -48.80542722,
                -26.328161970000018
              ],
              [
                -48.80803614,
                -26.32512204
              ],
              [
                -48.807925259999976,
                -26.32493601
              ],
              [
                -48.80813118,
                -26.32468896000001
              ],
              [
                -48.80811822,
                -26.32432797
              ],
              [
                -48.80897628,
                -26.32218833
              ],
              [
                -48.80885514,
                -26.32099599
              ],
              [
                -48.80929506000001,
                -26.31501099
              ],
              [
                -48.8018895,
                -26.31127616
              ],
              [
                -48.79372387999999,
                -26.315027240000013
              ],
              [
                -48.79479171,
                -26.31556036
              ],
              [
                -48.79578428,
                -26.3158062
              ],
              [
                -48.7958396,
                -26.31609199
              ],
              [
                -48.79549406000001,
                -26.31661454
              ],
              [
                -48.79513587999999,
                -26.31631017
              ],
              [
                -48.79494843,
                -26.316248710000014
              ],
              [
                -48.794757910000015,
                -26.31635012
              ],
              [
                -48.79478864,
                -26.316537569999987
              ],
              [
                -48.79547391,
                -26.3170231
              ],
              [
                -48.79552923,
                -26.31719212
              ],
              [
                -48.79532025999998,
                -26.31785281
              ],
              [
                -48.79543396,
                -26.31819084
              ],
              [
                -48.79532025999998,
                -26.31848584
              ],
              [
                -48.79433691,
                -26.31864564000001
              ],
              [
                -48.79428467,
                -26.31876549
              ],
              [
                -48.79430925,
                -26.31898674
              ],
              [
                -48.79479786000001,
                -26.31887304
              ],
              [
                -48.79500682,
                -26.319377009999986
              ],
              [
                -48.79466572,
                -26.3197304
              ],
              [
                -48.79472718,
                -26.31999775
              ],
              [
                -48.79455202,
                -26.32024666
              ],
              [
                -48.79460732999997,
                -26.32038188
              ],
              [
                -48.79517923,
                -26.3201556
              ],
              [
                -48.79498072,
                -26.32062636
              ],
              [
                -48.79554506,
                -26.320830540000014
              ],
              [
                -48.79562446,
                -26.32114816
              ],
              [
                -48.79747277,
                -26.32330442000001
              ]
            ]
          ]
        ]
      }
    },
    {
      "type": "Feature",
      "properties": {
        "bairro": "América"
      },
      "geometry": {
        "type": "MultiPolygon",
        "coordinates": [
          [
            [
              [
                -48.850549849999986,
                -26.30035177000001
              ],
              [
                -48.85057079,
                -26.30127639
              ],
              [
                -48.85238238,
                -26.30138597999999
              ],
              [
                -48.8559453,
                -26.30246103
              ],
              [
                -48.85917752000001,
                -26.30316352
              ],
              [
                -48.86019114,
                -26.29768599
              ],
              [
                -48.8620131,
                -26.29677897
              ],
              [
                -48.86163222,
                -26.29380303
              ],
              [
                -48.86444296,
                -26.29361313
              ],
              [
                -48.8633721,
                -26.278230960000013
              ],
              [
                -48.84841626,
                -26.277390990000015
              ],
              [
                -48.84757314,
                -26.27893899
              ],
              [
                -48.84467622000001,
                -26.283357
              ],
              [
                -48.84279018,
                -26.28557397
              ],
              [
                -48.8426451,
                -26.29268001
              ],
              [
                -48.84245825999999,
                -26.294976
              ],
              [
                -48.84338921999998,
                -26.29502298000002
              ],
              [
                -48.85002644,
                -26.29459544
              ],
              [
                -48.850549849999986,
                -26.30035177000001
              ]
            ]
          ]
        ]
      }
    },
    {
      "type": "Feature",
      "properties": {
        "bairro": "Anita Garibaldi"
      },
      "geometry": {
        "type": "MultiPolygon",
        "coordinates": [
          [
            [
              [
                -48.85467155,
                -26.32409243
              ],
              [
                -48.85556074,
                -26.3248386
              ],
              [
                -48.85824260999997,
                -26.32577658
              ],
              [
                -48.86080452,
                -26.32643798
              ],
              [
                -48.86240288,
                -26.32622316000002
              ],
              [
                -48.86312341,
                -26.32632462
              ],
              [
                -48.86449026000001,
                -26.32717197
              ],
              [
                -48.86637737999999,
                -26.32450797
              ],
              [
                -48.87140334,
                -26.31843198
              ],
              [
                -48.870860100000016,
                -26.318561039999985
              ],
              [
                -48.866397179999986,
                -26.31883896
              ],
              [
                -48.86554642,
                -26.31875087999999
              ],
              [
                -48.86484724,
                -26.31832707
              ],
              [
                -48.86039167,
                -26.313627830000016
              ],
              [
                -48.85950606,
                -26.31330396
              ],
              [
                -48.85867626,
                -26.31324996
              ],
              [
                -48.85629948,
                -26.31170674
              ],
              [
                -48.85573998000002,
                -26.31095799
              ],
              [
                -48.8495373,
                -26.308442970000023
              ],
              [
                -48.848215379999985,
                -26.30748798
              ],
              [
                -48.84774738,
                -26.30731797
              ],
              [
                -48.84549566,
                -26.30723092999999
              ],
              [
                -48.84478026,
                -26.322264
              ],
              [
                -48.8470927,
                -26.3215587
              ],
              [
                -48.84812754,
                -26.321385379999985
              ],
              [
                -48.851122769999975,
                -26.321468910000025
              ],
              [
                -48.85228262,
                -26.32201832000002
              ],
              [
                -48.85467155,
                -26.32409243
              ]
            ]
          ]
        ]
      }
    },
    {
      "type": "Feature",
      "properties": {
        "bairro": "Atiradores"
      },
      "geometry": {
        "type": "MultiPolygon",
        "coordinates": [
          [
            [
              [
                -48.8736681,
                -26.30514897
              ],
              [
                -48.86510622,
                -26.306605980000022
              ],
              [
                -48.86133277,
                -26.3067261
              ],
              [
                -48.86084129999998,
                -26.30758401
              ],
              [
                -48.86039526,
                -26.307675990000018
              ],
              [
                -48.85945818,
                -26.30698497
              ],
              [
                -48.859054259999986,
                -26.30696796
              ],
              [
                -48.85917752000001,
                -26.30316352
              ],
              [
                -48.8559453,
                -26.30246103
              ],
              [
                -48.85238238,
                -26.30138597999999
              ],
              [
                -48.85057079,
                -26.30127639
              ],
              [
                -48.850693149999984,
                -26.30275735
              ],
              [
                -48.85058774999999,
                -26.30306512000002
              ],
              [
                -48.85018971999999,
                -26.30342523999998
              ],
              [
                -48.85262403,
                -26.30552093000001
              ],
              [
                -48.8495373,
                -26.308442970000023
              ],
              [
                -48.85573998000002,
                -26.31095799
              ],
              [
                -48.85629948,
                -26.31170674
              ],
              [
                -48.85867626,
                -26.31324996
              ],
              [
                -48.85950606,
                -26.31330396
              ],
              [
                -48.86039167,
                -26.313627830000016
              ],
              [
                -48.86484724,
                -26.31832707
              ],
              [
                -48.86554642,
                -26.31875087999999
              ],
              [
                -48.866397179999986,
                -26.31883896
              ],
              [
                -48.870860100000016,
                -26.318561039999985
              ],
              [
                -48.87140334,
                -26.31843198
              ],
              [
                -48.87299526,
                -26.31634596
              ],
              [
                -48.873155099999984,
                -26.315601030000018
              ],
              [
                -48.87321522,
                -26.31368304
              ],
              [
                -48.87352914000002,
                -26.31278502
              ],
              [
                -48.87417210000001,
                -26.31212802
              ],
              [
                -48.87702834,
                -26.31017898
              ],
              [
                -48.87728825999997,
                -26.30994498000001
              ],
              [
                -48.87745134,
                -26.30938698
              ],
              [
                -48.87749418,
                -26.30847402
              ],
              [
                -48.877125180000014,
                -26.30721096000002
              ],
              [
                -48.87680009999998,
                -26.306611019999988
              ],
              [
                -48.87494429999999,
                -26.305451009999988
              ],
              [
                -48.8736681,
                -26.30514897
              ]
            ]
          ]
        ]
      }
    },
    {
      "type": "Feature",
      "properties": {
        "bairro": "Aventureiro"
      },
      "geometry": {
        "type": "MultiPolygon",
        "coordinates": [
          [
            [
              [
                -48.80468237,
                -26.25529179
              ],
              [
                -48.80693611,
                -26.255863020000017
              ],
              [
                -48.80779308000001,
                -26.25562796
              ],
              [
                -48.80905617,
                -26.25563855
              ],
              [
                -48.80912330000001,
                -26.25599656
              ],
              [
                -48.80945204,
                -26.255960410000018
              ],
              [
                -48.8114027,
                -26.25423173
              ],
              [
                -48.81288029999998,
                -26.25545402999999
              ],
              [
                -48.81424326,
                -26.25733296
              ],
              [
                -48.81515839999998,
                -26.25628662
              ],
              [
                -48.81915064999998,
                -26.25956603
              ],
              [
                -48.81951006,
                -26.25876999000001
              ],
              [
                -48.822640259999986,
                -26.26125903
              ],
              [
                -48.83162406,
                -26.260504020000017
              ],
              [
                -48.83101710000001,
                -26.24681601
              ],
              [
                -48.82374726,
                -26.24739804
              ],
              [
                -48.82120459,
                -26.24805213
              ],
              [
                -48.8211818,
                -26.24738352
              ],
              [
                -48.82088928,
                -26.24642619
              ],
              [
                -48.81832879999998,
                -26.23904106
              ],
              [
                -48.81746644,
                -26.23529911
              ],
              [
                -48.81752033999999,
                -26.234442
              ],
              [
                -48.81143238,
                -26.233013970000027
              ],
              [
                -48.80840226,
                -26.23214799
              ],
              [
                -48.80799114,
                -26.23182003
              ],
              [
                -48.80576706,
                -26.22921903
              ],
              [
                -48.803521380000014,
                -26.229744
              ],
              [
                -48.79112190999998,
                -26.24197617000002
              ],
              [
                -48.79265591,
                -26.24891543
              ],
              [
                -48.79359269,
                -26.25245572
              ],
              [
                -48.79485795,
                -26.25463951
              ],
              [
                -48.79567372999998,
                -26.25653738
              ],
              [
                -48.79650687,
                -26.256312690000016
              ],
              [
                -48.79764395,
                -26.25578253
              ],
              [
                -48.79793484000001,
                -26.255881220000013
              ],
              [
                -48.79874518000001,
                -26.256696759999986
              ],
              [
                -48.79899971,
                -26.25654612000001
              ],
              [
                -48.7990153,
                -26.2552371
              ],
              [
                -48.79911918999998,
                -26.25512802
              ],
              [
                -48.79935813000002,
                -26.255195550000014
              ],
              [
                -48.79981525,
                -26.25604745000001
              ],
              [
                -48.8000542,
                -26.25609939
              ],
              [
                -48.80041262,
                -26.25479038
              ],
              [
                -48.80064636999999,
                -26.25471246
              ],
              [
                -48.80114958,
                -26.25537548
              ],
              [
                -48.80182033,
                -26.255304630000015
              ],
              [
                -48.80221296,
                -26.25501488000001
              ],
              [
                -48.80298547000001,
                -26.25558079000001
              ],
              [
                -48.80321765999999,
                -26.25557994
              ],
              [
                -48.8036488,
                -26.25526827
              ],
              [
                -48.80468237,
                -26.25529179
              ]
            ]
          ]
        ]
      }
    },
    {
      "type": "Feature",
      "properties": {
        "bairro": "Boa Vista"
      },
      "geometry": {
        "type": "MultiPolygon",
        "coordinates": [
          [
            [
              [
                -48.8232951,
                -26.309934
              ],
              [
                -48.82335017999997,
                -26.310408030000012
              ],
              [
                -48.82365438,
                -26.31105603
              ],
              [
                -48.82404138,
                -26.311505040000014
              ],
              [
                -48.82809995,
                -26.31385679
              ],
              [
                -48.82902413999998,
                -26.31424698
              ],
              [
                -48.83011529999999,
                -26.31437199
              ],
              [
                -48.8306751,
                -26.31428802
              ],
              [
                -48.8310441,
                -26.31310299
              ],
              [
                -48.83149518,
                -26.31233799
              ],
              [
                -48.83268426,
                -26.311795020000012
              ],
              [
                -48.8350851,
                -26.310060990000032
              ],
              [
                -48.83541306,
                -26.30867904
              ],
              [
                -48.83564526,
                -26.30825901
              ],
              [
                -48.83942506000001,
                -26.30530425000002
              ],
              [
                -48.83776529999999,
                -26.30394504
              ],
              [
                -48.836274179999975,
                -26.305416
              ],
              [
                -48.83569422,
                -26.305714980000012
              ],
              [
                -48.83516934,
                -26.30589003
              ],
              [
                -48.83470026,
                -26.305865010000012
              ],
              [
                -48.83392734,
                -26.30551599
              ],
              [
                -48.83351226,
                -26.30511702
              ],
              [
                -48.83348526,
                -26.304045030000015
              ],
              [
                -48.8326191,
                -26.30330604
              ],
              [
                -48.83268426,
                -26.30205
              ],
              [
                -48.8333193,
                -26.300802959999988
              ],
              [
                -48.83337438,
                -26.29990503
              ],
              [
                -48.83320914,
                -26.299730969999978
              ],
              [
                -48.83271126,
                -26.29970604
              ],
              [
                -48.83188506,
                -26.299982970000013
              ],
              [
                -48.83243514,
                -26.29743597
              ],
              [
                -48.82687026,
                -26.292252960000013
              ],
              [
                -48.81528005999997,
                -26.28355797
              ],
              [
                -48.81507018,
                -26.28351396000001
              ],
              [
                -48.81235469999998,
                -26.2812675
              ],
              [
                -48.81112818,
                -26.28269397
              ],
              [
                -48.81085818,
                -26.28279396
              ],
              [
                -48.81064722,
                -26.282599020000013
              ],
              [
                -48.80992614,
                -26.28428499
              ],
              [
                -48.80974721999998,
                -26.28439704
              ],
              [
                -48.809202180000014,
                -26.28435798
              ],
              [
                -48.8097033,
                -26.28472104000001
              ],
              [
                -48.81007914,
                -26.285463
              ],
              [
                -48.81119406000001,
                -26.28913896
              ],
              [
                -48.8133591,
                -26.29139697000001
              ],
              [
                -48.81520734,
                -26.29403802
              ],
              [
                -48.81599106,
                -26.29452798
              ],
              [
                -48.81466338,
                -26.295380009999988
              ],
              [
                -48.81408917999999,
                -26.295130980000014
              ],
              [
                -48.810727139999976,
                -26.29833597000001
              ],
              [
                -48.80984405999999,
                -26.299431
              ],
              [
                -48.80736329999997,
                -26.303301
              ],
              [
                -48.8055914,
                -26.30497297
              ],
              [
                -48.80935482999998,
                -26.306630890000015
              ],
              [
                -48.81013021,
                -26.306832620000016
              ],
              [
                -48.81058626999999,
                -26.31071344000002
              ],
              [
                -48.8148081,
                -26.31097098000001
              ],
              [
                -48.81596333999999,
                -26.311428990000028
              ],
              [
                -48.81703434,
                -26.31127599000002
              ],
              [
                -48.81804918,
                -26.31066498
              ],
              [
                -48.818978340000015,
                -26.30954601
              ],
              [
                -48.81982433999998,
                -26.309010960000016
              ],
              [
                -48.8205573,
                -26.308756979999988
              ],
              [
                -48.82176834,
                -26.30865501
              ],
              [
                -48.8223231,
                -26.30871396
              ],
              [
                -48.82294409999999,
                -26.30905101
              ],
              [
                -48.82316514,
                -26.30926296
              ],
              [
                -48.8232951,
                -26.309934
              ]
            ]
          ]
        ]
      }
    },
    {
      "type": "Feature",
      "properties": {
        "bairro": "Boehmerwaldt"
      },
      "geometry": {
        "type": "MultiPolygon",
        "coordinates": [
          [
            [
              [
                -48.8183973,
                -26.37063504000001
              ],
              [
                -48.8184153,
                -26.371416960000015
              ],
              [
                -48.825053339999975,
                -26.37100098
              ],
              [
                -48.82616219,
                -26.37089193
              ],
              [
                -48.82627243999998,
                -26.37070842
              ],
              [
                -48.832045829999984,
                -26.37053739
              ],
              [
                -48.83250846999997,
                -26.36966371
              ],
              [
                -48.83412534,
                -26.36791704
              ],
              [
                -48.83514917999998,
                -26.367156
              ],
              [
                -48.83604758,
                -26.36673429
              ],
              [
                -48.83656451000002,
                -26.36627062
              ],
              [
                -48.8373869,
                -26.36429063
              ],
              [
                -48.83938206,
                -26.36197902
              ],
              [
                -48.83852097999998,
                -26.35452049
              ],
              [
                -48.83429510000001,
                -26.35425565999998
              ],
              [
                -48.83282386,
                -26.35461141000001
              ],
              [
                -48.83023268999999,
                -26.354816020000012
              ],
              [
                -48.83021376,
                -26.35462526
              ],
              [
                -48.82771789999998,
                -26.35482627000002
              ],
              [
                -48.82709658,
                -26.354823020000012
              ],
              [
                -48.826976219999985,
                -26.35462459000001
              ],
              [
                -48.8259811,
                -26.35473524000001
              ],
              [
                -48.82517322000001,
                -26.355429
              ],
              [
                -48.82305930000001,
                -26.35595901
              ],
              [
                -48.82231734,
                -26.35652600999999
              ],
              [
                -48.82190622,
                -26.357607
              ],
              [
                -48.82168229999998,
                -26.35779501
              ],
              [
                -48.8210253,
                -26.35794
              ],
              [
                -48.82064226,
                -26.358561
              ],
              [
                -48.8197041,
                -26.35926804
              ],
              [
                -48.8180751,
                -26.359382969999988
              ],
              [
                -48.81868637999999,
                -26.366868
              ],
              [
                -48.8183973,
                -26.37063504000001
              ]
            ]
          ]
        ]
      }
    },
    {
      "type": "Feature",
      "properties": {
        "bairro": "Bom Retiro"
      },
      "geometry": {
        "type": "MultiPolygon",
        "coordinates": [
          [
            [
              [
                -48.84536520000001,
                -26.27031786
              ],
              [
                -48.84571122,
                -26.272305
              ],
              [
                -48.8484951,
                -26.27329599
              ],
              [
                -48.8486643,
                -26.273304990000014
              ],
              [
                -48.84890406000001,
                -26.272988010000017
              ],
              [
                -48.84944406,
                -26.27273799
              ],
              [
                -48.85008042,
                -26.27257761
              ],
              [
                -48.85136322000001,
                -26.25949503
              ],
              [
                -48.852651309999985,
                -26.25977897000001
              ],
              [
                -48.85257822,
                -26.25570099
              ],
              [
                -48.849095560000016,
                -26.25406735000001
              ],
              [
                -48.84876461,
                -26.25451741
              ],
              [
                -48.84254214,
                -26.252240039999986
              ],
              [
                -48.84314514,
                -26.25152103
              ],
              [
                -48.83101710000001,
                -26.24681601
              ],
              [
                -48.83162406,
                -26.260504020000017
              ],
              [
                -48.83550917999999,
                -26.268165
              ],
              [
                -48.83666406,
                -26.267324040000013
              ],
              [
                -48.83877834,
                -26.26701903
              ],
              [
                -48.83940726,
                -26.27046
              ],
              [
                -48.84105138000001,
                -26.27269803
              ],
              [
                -48.84480618,
                -26.27001603
              ],
              [
                -48.845297219999985,
                -26.26980498
              ],
              [
                -48.84536520000001,
                -26.27031786
              ]
            ]
          ]
        ]
      }
    },
    {
      "type": "Feature",
      "properties": {
        "bairro": "Bucarein"
      },
      "geometry": {
        "type": "MultiPolygon",
        "coordinates": [
          [
            [
              [
                -48.84209843,
                -26.32307662999999
              ],
              [
                -48.84478026,
                -26.322264
              ],
              [
                -48.84549566,
                -26.30723092999999
              ],
              [
                -48.84070847,
                -26.307379700000013
              ],
              [
                -48.84080003999998,
                -26.30566433000001
              ],
              [
                -48.84038934,
                -26.305911
              ],
              [
                -48.84002034,
                -26.30588796
              ],
              [
                -48.83942506000001,
                -26.30530425000002
              ],
              [
                -48.83564526,
                -26.30825901
              ],
              [
                -48.83541306,
                -26.30867904
              ],
              [
                -48.8350851,
                -26.310060990000032
              ],
              [
                -48.83268426,
                -26.311795020000012
              ],
              [
                -48.83149518,
                -26.31233799
              ],
              [
                -48.83123526,
                -26.31265902
              ],
              [
                -48.8306751,
                -26.31428802
              ],
              [
                -48.83089434,
                -26.314929990000017
              ],
              [
                -48.83063226,
                -26.31674601
              ],
              [
                -48.83093826,
                -26.31722499
              ],
              [
                -48.8321223,
                -26.31779604
              ],
              [
                -48.83416206,
                -26.319417029999983
              ],
              [
                -48.83550918000001,
                -26.320780980000016
              ],
              [
                -48.83638722,
                -26.321277959999986
              ],
              [
                -48.83787618,
                -26.32184901000002
              ],
              [
                -48.838456139999984,
                -26.32227804
              ],
              [
                -48.83979714,
                -26.32358196
              ],
              [
                -48.8398641,
                -26.32379697
              ],
              [
                -48.84209843,
                -26.32307662999999
              ]
            ]
          ]
        ]
      }
    },
    {
      "type": "Feature",
      "properties": {
        "bairro": "Centro"
      },
      "geometry": {
        "type": "MultiPolygon",
        "coordinates": [
          [
            [
              [
                -48.840983340000015,
                -26.30172303
              ],
              [
                -48.840821339999984,
                -26.30316501
              ],
              [
                -48.84042534,
                -26.30442402
              ],
              [
                -48.839865179999975,
                -26.30505303
              ],
              [
                -48.83942506000001,
                -26.30530425000002
              ],
              [
                -48.84002034,
                -26.30588796
              ],
              [
                -48.84038934,
                -26.305911
              ],
              [
                -48.84080003999998,
                -26.30566433000001
              ],
              [
                -48.84070847,
                -26.307379700000013
              ],
              [
                -48.84463952,
                -26.307233320000016
              ],
              [
                -48.84774738,
                -26.30731797
              ],
              [
                -48.848479259999976,
                -26.30765196000002
              ],
              [
                -48.8495373,
                -26.308442970000023
              ],
              [
                -48.85262403,
                -26.30552093000001
              ],
              [
                -48.85018971999999,
                -26.30342523999998
              ],
              [
                -48.85058774999999,
                -26.30306512000002
              ],
              [
                -48.850693149999984,
                -26.30275735
              ],
              [
                -48.85002644,
                -26.29459544
              ],
              [
                -48.84338921999998,
                -26.29502298000002
              ],
              [
                -48.84245825999999,
                -26.294976
              ],
              [
                -48.84208638,
                -26.29549602
              ],
              [
                -48.84188226,
                -26.29987803
              ],
              [
                -48.84170910000001,
                -26.300727
              ],
              [
                -48.841039139999985,
                -26.30141901
              ],
              [
                -48.840983340000015,
                -26.30172303
              ]
            ]
          ]
        ]
      }
    },
    {
      "type": "Feature",
      "properties": {
        "bairro": "Comasa"
      },
      "geometry": {
        "type": "MultiPolygon",
        "coordinates": [
          [
            [
              [
                -48.79196322,
                -26.28491598
              ],
              [
                -48.79343070999998,
                -26.284926450000025
              ],
              [
                -48.79843928,
                -26.28278099000001
              ],
              [
                -48.79896671999998,
                -26.291754569999988
              ],
              [
                -48.79917785,
                -26.29347496
              ],
              [
                -48.80476014,
                -26.28831402
              ],
              [
                -48.80868234,
                -26.284291020000012
              ],
              [
                -48.80958521999999,
                -26.28441198
              ],
              [
                -48.80992614,
                -26.28428499
              ],
              [
                -48.81064722,
                -26.282599020000013
              ],
              [
                -48.81146205000001,
                -26.27130573
              ],
              [
                -48.81142079,
                -26.27095692
              ],
              [
                -48.81067362,
                -26.269730110000012
              ],
              [
                -48.80960826,
                -26.27040095999999
              ],
              [
                -48.80936633999998,
                -26.270359019999987
              ],
              [
                -48.8088033,
                -26.27060103
              ],
              [
                -48.808394339999985,
                -26.27097003
              ],
              [
                -48.80812721999999,
                -26.27159301
              ],
              [
                -48.8068881,
                -26.271825030000013
              ],
              [
                -48.8066343,
                -26.271837
              ],
              [
                -48.80502833999998,
                -26.27122698
              ],
              [
                -48.80391522,
                -26.271278010000014
              ],
              [
                -48.80336621999999,
                -26.27112501
              ],
              [
                -48.80153526,
                -26.27102304
              ],
              [
                -48.800408099999984,
                -26.271099
              ],
              [
                -48.799812299999985,
                -26.27132103
              ],
              [
                -48.79918152,
                -26.27187513
              ],
              [
                -48.79873479,
                -26.27192188
              ],
              [
                -48.7985073,
                -26.27177796
              ],
              [
                -48.79606873,
                -26.27149675
              ],
              [
                -48.79472534,
                -26.27439248
              ],
              [
                -48.79263466,
                -26.27830479000001
              ],
              [
                -48.791901039999985,
                -26.28058936
              ],
              [
                -48.79129836000001,
                -26.284909300000013
              ],
              [
                -48.79196322,
                -26.28491598
              ]
            ]
          ]
        ]
      }
    },
    {
      "type": "Feature",
      "properties": {
        "bairro": "Costa E Silva"
      },
      "geometry": {
        "type": "MultiPolygon",
        "coordinates": [
          [
            [
              [
                -48.86380805999998,
                -26.283756960000012
              ],
              [
                -48.86381309999999,
                -26.28391896
              ],
              [
                -48.86417922,
                -26.28420902999999
              ],
              [
                -48.86516706,
                -26.284344030000018
              ],
              [
                -48.8658723,
                -26.28484299
              ],
              [
                -48.86686338,
                -26.285064030000033
              ],
              [
                -48.8680323,
                -26.28597204000001
              ],
              [
                -48.87268314,
                -26.28470997
              ],
              [
                -48.87789126,
                -26.28460197
              ],
              [
                -48.88500414,
                -26.28421596
              ],
              [
                -48.88669326,
                -26.283069
              ],
              [
                -48.88919354,
                -26.28243362
              ],
              [
                -48.89326434,
                -26.27524899
              ],
              [
                -48.89539014000002,
                -26.26864002
              ],
              [
                -48.896644379999984,
                -26.267015970000013
              ],
              [
                -48.89812434000001,
                -26.26587801
              ],
              [
                -48.89676713999999,
                -26.266069980000022
              ],
              [
                -48.89631606,
                -26.26598997
              ],
              [
                -48.89513706000001,
                -26.26641702
              ],
              [
                -48.89428817999998,
                -26.266222979999988
              ],
              [
                -48.89406534,
                -26.266042980000016
              ],
              [
                -48.893911259999975,
                -26.265099960000015
              ],
              [
                -48.89354909999999,
                -26.26502301
              ],
              [
                -48.89078934,
                -26.265069
              ],
              [
                -48.887288339999984,
                -26.26434198
              ],
              [
                -48.88364118,
                -26.26412301
              ],
              [
                -48.88280922,
                -26.264234970000015
              ],
              [
                -48.8781861,
                -26.26646796
              ],
              [
                -48.87694733999999,
                -26.26626204000001
              ],
              [
                -48.87506814000001,
                -26.26488702
              ],
              [
                -48.87423438000001,
                -26.26459704
              ],
              [
                -48.86927718,
                -26.26453899
              ],
              [
                -48.868351259999976,
                -26.264206979999987
              ],
              [
                -48.86746314,
                -26.263464030000016
              ],
              [
                -48.86694222,
                -26.263322010000017
              ],
              [
                -48.86559834,
                -26.263339020000014
              ],
              [
                -48.864577380000014,
                -26.26365303
              ],
              [
                -48.86362230000001,
                -26.263743029999976
              ],
              [
                -48.86228417999998,
                -26.263775970000015
              ],
              [
                -48.86193112,
                -26.263536760000015
              ],
              [
                -48.861627169999984,
                -26.26351706
              ],
              [
                -48.86153538,
                -26.26408998
              ],
              [
                -48.86213621999999,
                -26.268111
              ],
              [
                -48.86246422999998,
                -26.26905862
              ],
              [
                -48.863074379999986,
                -26.27351001
              ],
              [
                -48.86380805999998,
                -26.283756960000012
              ]
            ]
          ]
        ]
      }
    },
    {
      "type": "Feature",
      "properties": {
        "bairro": "Dona Francisca"
      },
      "geometry": {
        "type": "MultiPolygon",
        "coordinates": [
          [
            [
              [
                -48.91995864,
                -26.18696433
              ],
              [
                -48.91898785,
                -26.18775861
              ],
              [
                -48.91863484,
                -26.18846464
              ],
              [
                -48.91863484,
                -26.18943543
              ],
              [
                -48.918929009999985,
                -26.19011204999999
              ],
              [
                -48.92060583,
                -26.1921713
              ],
              [
                -48.92084117999999,
                -26.192936160000013
              ],
              [
                -48.92042932999998,
                -26.19437764000001
              ],
              [
                -48.92004688999998,
                -26.19476007000001
              ],
              [
                -48.91839949,
                -26.19508367
              ],
              [
                -48.91722278,
                -26.1954661
              ],
              [
                -48.913839719999984,
                -26.19531901
              ],
              [
                -48.91475525,
                -26.203992619999987
              ],
              [
                -48.91506521999999,
                -26.20406997000001
              ],
              [
                -48.91555517999998,
                -26.20463904
              ],
              [
                -48.91655129999999,
                -26.20483902000002
              ],
              [
                -48.91821738,
                -26.20560996
              ],
              [
                -48.91916022,
                -26.20568403
              ],
              [
                -48.93006425999999,
                -26.198289
              ],
              [
                -48.92478398,
                -26.192254370000015
              ],
              [
                -48.92440488,
                -26.19148279
              ],
              [
                -48.91995864,
                -26.18696433
              ]
            ]
          ]
        ]
      }
    },
    {
      "type": "Feature",
      "properties": {
        "bairro": "Espinheiros"
      },
      "geometry": {
        "type": "MultiPolygon",
        "coordinates": [
          [
            [
              [
                -48.90339755,
                -26.33325968
              ],
              [
                -48.90549407,
                -26.33123981
              ],
              [
                -48.903490369999986,
                -26.329409580000018
              ],
              [
                -48.90289038,
                -26.32903803
              ],
              [
                -48.90118879,
                -26.32735276
              ],
              [
                -48.898991219999985,
                -26.32785201000001
              ],
              [
                -48.89762414999998,
                -26.32839371
              ],
              [
                -48.89651729999998,
                -26.32954302
              ],
              [
                -48.901062300000014,
                -26.333991
              ],
              [
                -48.90389631999999,
                -26.33381596
              ],
              [
                -48.90339755,
                -26.33325968
              ]
            ]
          ],
          [
            [
              [
                -48.8025321,
                -26.218863990000017
              ],
              [
                -48.801379379999986,
                -26.21761704
              ],
              [
                -48.80172029999998,
                -26.215999020000037
              ],
              [
                -48.8010993,
                -26.21427696
              ],
              [
                -48.79649238,
                -26.217833040000013
              ],
              [
                -48.79805333999999,
                -26.21991996
              ],
              [
                -48.80156513999998,
                -26.21905398
              ],
              [
                -48.8020983,
                -26.219168010000015
              ],
              [
                -48.8025321,
                -26.218863990000017
              ]
            ]
          ],
          [
            [
              [
                -48.77422903999999,
                -26.28968899
              ],
              [
                -48.77411822,
                -26.29072453999999
              ],
              [
                -48.774772409999976,
                -26.29090824000001
              ],
              [
                -48.77492838,
                -26.29156401
              ],
              [
                -48.77636513999999,
                -26.29204803
              ],
              [
                -48.77690010000001,
                -26.292429990000016
              ],
              [
                -48.77808414,
                -26.29286199
              ],
              [
                -48.77898522,
                -26.29301499000002
              ],
              [
                -48.77963321999999,
                -26.29291302
              ],
              [
                -48.78053538,
                -26.29248102
              ],
              [
                -48.78126834,
                -26.29171701
              ],
              [
                -48.78135222,
                -26.291360970000017
              ],
              [
                -48.781747139999986,
                -26.29136097
              ],
              [
                -48.7824513,
                -26.291106
              ],
              [
                -48.785128259999986,
                -26.28924903
              ],
              [
                -48.78538134,
                -26.28871398
              ],
              [
                -48.78625505999999,
                -26.28818001
              ],
              [
                -48.78645234,
                -26.288358030000012
              ],
              [
                -48.786846179999976,
                -26.28840897
              ],
              [
                -48.78777606,
                -26.28802701
              ],
              [
                -48.78794526,
                -26.287722
              ],
              [
                -48.78808637999998,
                -26.28769698000001
              ],
              [
                -48.7883121,
                -26.287926030000012
              ],
              [
                -48.788988179999976,
                -26.28792603
              ],
              [
                -48.789270059999986,
                -26.287517970000017
              ],
              [
                -48.78910013999998,
                -26.28690803999999
              ],
              [
                -48.78867822,
                -26.28652599
              ],
              [
                -48.78865013999998,
                -26.28617004
              ],
              [
                -48.78867822,
                -26.28586404
              ],
              [
                -48.78898817999997,
                -26.285508
              ],
              [
                -48.788790180000014,
                -26.28485397000001
              ],
              [
                -48.78893129999999,
                -26.28311202000001
              ],
              [
                -48.78919913999999,
                -26.28206901
              ],
              [
                -48.7900023,
                -26.28150903
              ],
              [
                -48.78863110000001,
                -26.27940888
              ],
              [
                -48.78794526,
                -26.27861796
              ],
              [
                -48.7867623,
                -26.27926596
              ],
              [
                -48.78545226,
                -26.27772695999999
              ],
              [
                -48.784987139999984,
                -26.27799399
              ],
              [
                -48.78242322,
                -26.27433
              ],
              [
                -48.77932434,
                -26.274710970000015
              ],
              [
                -48.77523236,
                -26.27454236
              ],
              [
                -48.77326806,
                -26.274239009999985
              ],
              [
                -48.77232138,
                -26.289722280000014
              ],
              [
                -48.77422903999999,
                -26.28968899
              ]
            ]
          ]
        ]
      }
    },
    {
      "type": "Feature",
      "properties": {
        "bairro": "Floresta"
      },
      "geometry": {
        "type": "MultiPolygon",
        "coordinates": [
          [
            [
              [
                -48.85064939,
                -26.34823191000001
              ],
              [
                -48.85715008,
                -26.34844726
              ],
              [
                -48.85708218,
                -26.34618402
              ],
              [
                -48.85897901,
                -26.33918192
              ],
              [
                -48.85931022,
                -26.336483010000013
              ],
              [
                -48.86219526,
                -26.32995504
              ],
              [
                -48.86268126,
                -26.329194990000016
              ],
              [
                -48.86449026000001,
                -26.32717197
              ],
              [
                -48.86312341,
                -26.32632462
              ],
              [
                -48.86240288,
                -26.32622316000002
              ],
              [
                -48.86128067,
                -26.32640746
              ],
              [
                -48.86028633,
                -26.32636827
              ],
              [
                -48.85556074,
                -26.3248386
              ],
              [
                -48.85228262,
                -26.32201832000002
              ],
              [
                -48.85164775,
                -26.32162763
              ],
              [
                -48.851122769999975,
                -26.321468910000025
              ],
              [
                -48.84812754,
                -26.321385379999985
              ],
              [
                -48.8470927,
                -26.3215587
              ],
              [
                -48.84209843,
                -26.32307662999999
              ],
              [
                -48.8412141,
                -26.339237010000012
              ],
              [
                -48.84288264999998,
                -26.34128067
              ],
              [
                -48.84291114,
                -26.34262101
              ],
              [
                -48.84278964,
                -26.34403907
              ],
              [
                -48.84213318,
                -26.34494191000001
              ],
              [
                -48.84195853,
                -26.34714833000001
              ],
              [
                -48.84132929999998,
                -26.34794703000001
              ],
              [
                -48.85064939,
                -26.34823191000001
              ]
            ]
          ]
        ]
      }
    },
    {
      "type": "Feature",
      "properties": {
        "bairro": "Fátima"
      },
      "geometry": {
        "type": "MultiPolygon",
        "coordinates": [
          [
            [
              [
                -48.81344508,
                -26.33301905000001
              ],
              [
                -48.81367427999998,
                -26.33377963
              ],
              [
                -48.8224761,
                -26.33189697
              ],
              [
                -48.821628299999986,
                -26.330357970000012
              ],
              [
                -48.82065522000001,
                -26.32955499
              ],
              [
                -48.819870059999985,
                -26.32846401
              ],
              [
                -48.81912125999999,
                -26.32670496
              ],
              [
                -48.81867018,
                -26.32469004
              ],
              [
                -48.8191101,
                -26.32380003
              ],
              [
                -48.8191101,
                -26.32306302
              ],
              [
                -48.8197833,
                -26.32134996
              ],
              [
                -48.81992622,
                -26.32116501
              ],
              [
                -48.820764300000015,
                -26.320759019999983
              ],
              [
                -48.82114021,
                -26.320330300000013
              ],
              [
                -48.82134141,
                -26.32029677000003
              ],
              [
                -48.82124081,
                -26.3200285
              ],
              [
                -48.82161425999998,
                -26.31980601
              ],
              [
                -48.82174134000002,
                -26.319195
              ],
              [
                -48.82134606,
                -26.318394
              ],
              [
                -48.82127622,
                -26.31780801
              ],
              [
                -48.821431379999986,
                -26.31718503
              ],
              [
                -48.82110738,
                -26.31666303
              ],
              [
                -48.82084346,
                -26.315770380000018
              ],
              [
                -48.819345179999985,
                -26.31437298
              ],
              [
                -48.81700806,
                -26.313575040000025
              ],
              [
                -48.81652926,
                -26.313180030000012
              ],
              [
                -48.81596333999999,
                -26.311428990000028
              ],
              [
                -48.8148081,
                -26.31097098000001
              ],
              [
                -48.81058626999999,
                -26.31071344000002
              ],
              [
                -48.80929506000001,
                -26.31501099
              ],
              [
                -48.80885514,
                -26.32099599
              ],
              [
                -48.80897628,
                -26.32218833
              ],
              [
                -48.80811822,
                -26.32432797
              ],
              [
                -48.80817006,
                -26.32504598999999
              ],
              [
                -48.80955714000001,
                -26.327349
              ],
              [
                -48.80996429999998,
                -26.328920040000014
              ],
              [
                -48.810971219999985,
                -26.32970601
              ],
              [
                -48.81099318,
                -26.33067801
              ],
              [
                -48.81189138,
                -26.33089104
              ],
              [
                -48.81236262,
                -26.3311344
              ],
              [
                -48.813218419999984,
                -26.33234439
              ],
              [
                -48.81344508,
                -26.33301905000001
              ]
            ]
          ]
        ]
      }
    },
    {
      "type": "Feature",
      "properties": {
        "bairro": "Glória"
      },
      "geometry": {
        "type": "MultiPolygon",
        "coordinates": [
          [
            [
              [
                -48.85917752000001,
                -26.30316352
              ],
              [
                -48.859054259999986,
                -26.30696796
              ],
              [
                -48.85945818,
                -26.30698497
              ],
              [
                -48.8601843,
                -26.30761596
              ],
              [
                -48.86062926000001,
                -26.307675990000018
              ],
              [
                -48.86084129999998,
                -26.30758401
              ],
              [
                -48.86133277,
                -26.3067261
              ],
              [
                -48.86510622,
                -26.306605980000022
              ],
              [
                -48.8736681,
                -26.30514897
              ],
              [
                -48.87494429999999,
                -26.305451009999988
              ],
              [
                -48.876915299999986,
                -26.30674404
              ],
              [
                -48.87751937999999,
                -26.308683
              ],
              [
                -48.87728825999997,
                -26.30994498000001
              ],
              [
                -48.87801725999997,
                -26.30911104000002
              ],
              [
                -48.882432299999984,
                -26.30237499
              ],
              [
                -48.88300721999999,
                -26.300530979999987
              ],
              [
                -48.88420313999997,
                -26.29299204
              ],
              [
                -48.88485114,
                -26.29032003
              ],
              [
                -48.88552506,
                -26.288799030000014
              ],
              [
                -48.88919354,
                -26.28243362
              ],
              [
                -48.88669326,
                -26.283069
              ],
              [
                -48.88500414,
                -26.28421596
              ],
              [
                -48.87789126,
                -26.28460197
              ],
              [
                -48.87268314,
                -26.28470997
              ],
              [
                -48.8680323,
                -26.28597204000001
              ],
              [
                -48.86686338,
                -26.285064030000033
              ],
              [
                -48.8662071,
                -26.28497898
              ],
              [
                -48.865362179999984,
                -26.28442899000002
              ],
              [
                -48.86434733999998,
                -26.28427698
              ],
              [
                -48.86381309999999,
                -26.28391896
              ],
              [
                -48.86444296,
                -26.29361313
              ],
              [
                -48.86163222,
                -26.29380303
              ],
              [
                -48.8620131,
                -26.29677897
              ],
              [
                -48.86019114,
                -26.29768599
              ],
              [
                -48.85917752000001,
                -26.30316352
              ]
            ]
          ]
        ]
      }
    },
    {
      "type": "Feature",
      "properties": {
        "bairro": "Guanabara"
      },
      "geometry": {
        "type": "MultiPolygon",
        "coordinates": [
          [
            [
              [
                -48.82024914,
                -26.32900104
              ],
              [
                -48.82065522000001,
                -26.32955499
              ],
              [
                -48.821628299999986,
                -26.330357970000012
              ],
              [
                -48.8224761,
                -26.33189697
              ],
              [
                -48.82635906,
                -26.33084298
              ],
              [
                -48.82677414,
                -26.33083002
              ],
              [
                -48.828041339999984,
                -26.33118804
              ],
              [
                -48.82985934,
                -26.33089401
              ],
              [
                -48.83173926,
                -26.32932702000001
              ],
              [
                -48.83475605999999,
                -26.32730202
              ],
              [
                -48.838456139999984,
                -26.32227804
              ],
              [
                -48.83787618,
                -26.32184901000002
              ],
              [
                -48.83638722,
                -26.321277959999986
              ],
              [
                -48.83550918000001,
                -26.320780980000016
              ],
              [
                -48.83416206,
                -26.319417029999983
              ],
              [
                -48.8321223,
                -26.31779604
              ],
              [
                -48.83093826,
                -26.31722499
              ],
              [
                -48.83063226,
                -26.31674601
              ],
              [
                -48.83089434,
                -26.314929990000017
              ],
              [
                -48.8306751,
                -26.31428802
              ],
              [
                -48.83011529999999,
                -26.31437199
              ],
              [
                -48.82902413999998,
                -26.31424698
              ],
              [
                -48.82809995,
                -26.31385679
              ],
              [
                -48.82404138,
                -26.311505040000014
              ],
              [
                -48.82365438,
                -26.31105603
              ],
              [
                -48.82335017999997,
                -26.310408030000012
              ],
              [
                -48.82316514,
                -26.30926296
              ],
              [
                -48.8223231,
                -26.30871396
              ],
              [
                -48.82176834,
                -26.30865501
              ],
              [
                -48.8205573,
                -26.308756979999988
              ],
              [
                -48.81982433999998,
                -26.309010960000016
              ],
              [
                -48.818978340000015,
                -26.30954601
              ],
              [
                -48.81804918,
                -26.31066498
              ],
              [
                -48.81703434,
                -26.31127599000002
              ],
              [
                -48.81596333999999,
                -26.311428990000028
              ],
              [
                -48.81652926,
                -26.313180030000012
              ],
              [
                -48.81700806,
                -26.313575040000025
              ],
              [
                -48.819345179999985,
                -26.31437298
              ],
              [
                -48.82084346,
                -26.315770380000018
              ],
              [
                -48.82110738,
                -26.31666303
              ],
              [
                -48.821431379999986,
                -26.31718503
              ],
              [
                -48.82127622,
                -26.31780801
              ],
              [
                -48.82134606,
                -26.318394
              ],
              [
                -48.82174134000002,
                -26.319195
              ],
              [
                -48.82171326,
                -26.31953898
              ],
              [
                -48.82161425999998,
                -26.31980601
              ],
              [
                -48.82124081,
                -26.3200285
              ],
              [
                -48.82134141,
                -26.32029677000003
              ],
              [
                -48.82114021,
                -26.320330300000013
              ],
              [
                -48.820764300000015,
                -26.320759019999983
              ],
              [
                -48.81992622,
                -26.32116501
              ],
              [
                -48.8197833,
                -26.32134996
              ],
              [
                -48.8191101,
                -26.32306302
              ],
              [
                -48.8191101,
                -26.32380003
              ],
              [
                -48.81867018,
                -26.32469004
              ],
              [
                -48.81922926,
                -26.32701402
              ],
              [
                -48.819870059999985,
                -26.32846401
              ],
              [
                -48.82024914,
                -26.32900104
              ]
            ]
          ]
        ]
      }
    },
    {
      "type": "Feature",
      "properties": {
        "bairro": "Iririu"
      },
      "geometry": {
        "type": "MultiPolygon",
        "coordinates": [
          [
            [
              [
                -48.81108215999998,
                -26.27634715
              ],
              [
                -48.81063534,
                -26.28206199
              ],
              [
                -48.8107401,
                -26.282750040000014
              ],
              [
                -48.81112818,
                -26.28269397
              ],
              [
                -48.81235469999998,
                -26.2812675
              ],
              [
                -48.81507018,
                -26.28351396000001
              ],
              [
                -48.81528005999997,
                -26.28355797
              ],
              [
                -48.82687026,
                -26.292252960000013
              ],
              [
                -48.83119206,
                -26.28196101
              ],
              [
                -48.83684226,
                -26.28017901
              ],
              [
                -48.83636706,
                -26.27934804
              ],
              [
                -48.83527121999999,
                -26.27806401
              ],
              [
                -48.83440433999998,
                -26.27650296
              ],
              [
                -48.83292906,
                -26.27474796
              ],
              [
                -48.83201718000002,
                -26.274006
              ],
              [
                -48.83072405999998,
                -26.273450969999985
              ],
              [
                -48.83550917999999,
                -26.268165
              ],
              [
                -48.83162406,
                -26.260504020000017
              ],
              [
                -48.822640259999986,
                -26.26125903
              ],
              [
                -48.81951006,
                -26.25876999000001
              ],
              [
                -48.81874209,
                -26.260567580000018
              ],
              [
                -48.81835014,
                -26.26038198
              ],
              [
                -48.8101101,
                -26.26901703
              ],
              [
                -48.81142079,
                -26.27095692
              ],
              [
                -48.81108215999998,
                -26.27634715
              ]
            ]
          ]
        ]
      }
    },
    {
      "type": "Feature",
      "properties": {
        "bairro": "Itaum"
      },
      "geometry": {
        "type": "MultiPolygon",
        "coordinates": [
          [
            [
              [
                -48.81685104999998,
                -26.33815937
              ],
              [
                -48.81629497,
                -26.34032839000003
              ],
              [
                -48.81833718,
                -26.340685020000013
              ],
              [
                -48.8201091,
                -26.34070797
              ],
              [
                -48.82140911,
                -26.34088509000001
              ],
              [
                -48.82340634,
                -26.340084
              ],
              [
                -48.82553514,
                -26.33836683
              ],
              [
                -48.82627327,
                -26.339154170000032
              ],
              [
                -48.82648134,
                -26.339022069999988
              ],
              [
                -48.83005417,
                -26.34279462000001
              ],
              [
                -48.83129532,
                -26.342114359999982
              ],
              [
                -48.83176915,
                -26.34258112
              ],
              [
                -48.83220019999998,
                -26.343356599999986
              ],
              [
                -48.83250256,
                -26.343235630000024
              ],
              [
                -48.83474037,
                -26.341064020000015
              ],
              [
                -48.83604596,
                -26.34040813
              ],
              [
                -48.83734013999999,
                -26.34051699
              ],
              [
                -48.83834022,
                -26.33987799
              ],
              [
                -48.83948097,
                -26.33886196999999
              ],
              [
                -48.84040084999998,
                -26.33928464
              ],
              [
                -48.84080334,
                -26.33935599
              ],
              [
                -48.8412141,
                -26.339237010000012
              ],
              [
                -48.84209843,
                -26.32307662999999
              ],
              [
                -48.8398641,
                -26.32379697
              ],
              [
                -48.83979714,
                -26.32358196
              ],
              [
                -48.838456139999984,
                -26.32227804
              ],
              [
                -48.83475605999999,
                -26.32730202
              ],
              [
                -48.83173926,
                -26.32932702000001
              ],
              [
                -48.82985934,
                -26.33089401
              ],
              [
                -48.828041339999984,
                -26.33118804
              ],
              [
                -48.82677414,
                -26.33083002
              ],
              [
                -48.82635906,
                -26.33084298
              ],
              [
                -48.8229423,
                -26.33180499
              ],
              [
                -48.81679842,
                -26.33315753
              ],
              [
                -48.816643089999985,
                -26.33479153
              ],
              [
                -48.81691852,
                -26.336962719999985
              ],
              [
                -48.81685104999998,
                -26.33815937
              ]
            ]
          ]
        ]
      }
    },
    {
      "type": "Feature",
      "properties": {
        "bairro": "Itinga"
      },
      "geometry": {
        "type": "MultiPolygon",
        "coordinates": [
          [
            [
              [
                -48.82616219,
                -26.37089193
              ],
              [
                -48.8184153,
                -26.371416960000015
              ],
              [
                -48.81410429999998,
                -26.371835010000012
              ],
              [
                -48.80718113999998,
                -26.37199602000001
              ],
              [
                -48.804887,
                -26.372244
              ],
              [
                -48.80666505,
                -26.37531191
              ],
              [
                -48.806884,
                -26.376201
              ],
              [
                -48.806814,
                -26.376609
              ],
              [
                -48.806346,
                -26.377134
              ],
              [
                -48.805676,
                -26.377537
              ],
              [
                -48.80453509999999,
                -26.3787563
              ],
              [
                -48.804082,
                -26.37994
              ],
              [
                -48.80408669,
                -26.38036403000001
              ],
              [
                -48.804801959999985,
                -26.38072932
              ],
              [
                -48.807195,
                -26.381353
              ],
              [
                -48.80778773999999,
                -26.38172239000002
              ],
              [
                -48.80798678999999,
                -26.38213799
              ],
              [
                -48.80801304,
                -26.38270015000002
              ],
              [
                -48.80745307,
                -26.38427288
              ],
              [
                -48.80750118999999,
                -26.38488753000001
              ],
              [
                -48.808568,
                -26.386323
              ],
              [
                -48.808699,
                -26.386785
              ],
              [
                -48.808587,
                -26.388059
              ],
              [
                -48.808311,
                -26.388136
              ],
              [
                -48.8081071,
                -26.388459520000012
              ],
              [
                -48.80790804,
                -26.38924042
              ],
              [
                -48.80790367,
                -26.390471910000013
              ],
              [
                -48.80817897999999,
                -26.39162963
              ],
              [
                -48.808507,
                -26.392161
              ],
              [
                -48.809591,
                -26.392769
              ],
              [
                -48.81122701999998,
                -26.394748
              ],
              [
                -48.81263406,
                -26.39466999000001
              ],
              [
                -48.81291314,
                -26.3950531
              ],
              [
                -48.813930309999975,
                -26.39551923
              ],
              [
                -48.81587118,
                -26.39389401
              ],
              [
                -48.81719417999999,
                -26.39226402
              ],
              [
                -48.81761033999998,
                -26.39146698000001
              ],
              [
                -48.81804719,
                -26.389990990000015
              ],
              [
                -48.81918714999998,
                -26.39009598
              ],
              [
                -48.82052571999998,
                -26.39079635
              ],
              [
                -48.82181838,
                -26.39166399
              ],
              [
                -48.82303387000001,
                -26.392132500000013
              ],
              [
                -48.823942,
                -26.39234591
              ],
              [
                -48.82590504,
                -26.39245773
              ],
              [
                -48.82773156,
                -26.39214893
              ],
              [
                -48.83021508999999,
                -26.39102871
              ],
              [
                -48.83065201,
                -26.39097286
              ],
              [
                -48.83117622,
                -26.39113596
              ],
              [
                -48.83165066999999,
                -26.39106485
              ],
              [
                -48.83226827,
                -26.3906575
              ],
              [
                -48.83244567,
                -26.39031256
              ],
              [
                -48.833546169999984,
                -26.39022058
              ],
              [
                -48.83422618999999,
                -26.390581940000022
              ],
              [
                -48.83596492,
                -26.39052834
              ],
              [
                -48.83955414,
                -26.391097980000023
              ],
              [
                -48.8400333,
                -26.38892403
              ],
              [
                -48.84055314,
                -26.387894969999987
              ],
              [
                -48.84099018,
                -26.38747998
              ],
              [
                -48.84173034,
                -26.387051040000014
              ],
              [
                -48.8453012,
                -26.38603458
              ],
              [
                -48.84516837999998,
                -26.38298432
              ],
              [
                -48.8448275,
                -26.38180184
              ],
              [
                -48.842528409999986,
                -26.376811890000013
              ],
              [
                -48.84201233,
                -26.37637521000001
              ],
              [
                -48.8405832,
                -26.375779740000013
              ],
              [
                -48.83586414,
                -26.374282020000013
              ],
              [
                -48.83374626,
                -26.37395496
              ],
              [
                -48.83242122999998,
                -26.373191919999986
              ],
              [
                -48.83191707000001,
                -26.37106244
              ],
              [
                -48.832045829999984,
                -26.37053739
              ],
              [
                -48.82627243999998,
                -26.37070842
              ],
              [
                -48.82616219,
                -26.37089193
              ]
            ]
          ]
        ]
      }
    },
    {
      "type": "Feature",
      "properties": {
        "bairro": "Jardim-Iririú"
      },
      "geometry": {
        "type": "MultiPolygon",
        "coordinates": [
          [
            [
              [
                -48.7969431,
                -26.27163297
              ],
              [
                -48.7985073,
                -26.27177796
              ],
              [
                -48.79873479,
                -26.27192188
              ],
              [
                -48.79918152,
                -26.27187513
              ],
              [
                -48.799812299999985,
                -26.27132103
              ],
              [
                -48.800408099999984,
                -26.271099
              ],
              [
                -48.80153526,
                -26.27102304
              ],
              [
                -48.80336621999999,
                -26.27112501
              ],
              [
                -48.80391522,
                -26.271278010000014
              ],
              [
                -48.80502833999998,
                -26.27122698
              ],
              [
                -48.8066343,
                -26.271837
              ],
              [
                -48.80812721999999,
                -26.27159301
              ],
              [
                -48.808394339999985,
                -26.27097003
              ],
              [
                -48.8088033,
                -26.27060103
              ],
              [
                -48.80936633999998,
                -26.270359019999987
              ],
              [
                -48.80960826,
                -26.27040095999999
              ],
              [
                -48.81067362,
                -26.269730110000012
              ],
              [
                -48.8101101,
                -26.26901703
              ],
              [
                -48.81835014,
                -26.26038198
              ],
              [
                -48.81874209,
                -26.260567580000018
              ],
              [
                -48.81915064999998,
                -26.25956603
              ],
              [
                -48.81515839999998,
                -26.25628662
              ],
              [
                -48.81424326,
                -26.25733296
              ],
              [
                -48.81288029999998,
                -26.25545402999999
              ],
              [
                -48.8114027,
                -26.25423173
              ],
              [
                -48.80945204,
                -26.255960410000018
              ],
              [
                -48.80912330000001,
                -26.25599656
              ],
              [
                -48.80905617,
                -26.25563855
              ],
              [
                -48.80779308000001,
                -26.25562796
              ],
              [
                -48.80693611,
                -26.255863020000017
              ],
              [
                -48.80454691999998,
                -26.25526377
              ],
              [
                -48.8036488,
                -26.25526827
              ],
              [
                -48.80321765999999,
                -26.25557994
              ],
              [
                -48.80298547000001,
                -26.25558079000001
              ],
              [
                -48.80221296,
                -26.25501488000001
              ],
              [
                -48.80182033,
                -26.255304630000015
              ],
              [
                -48.80114958,
                -26.25537548
              ],
              [
                -48.80064636999999,
                -26.25471246
              ],
              [
                -48.80041262,
                -26.25479038
              ],
              [
                -48.8000542,
                -26.25609939
              ],
              [
                -48.79981525,
                -26.25604745000001
              ],
              [
                -48.79935813000002,
                -26.255195550000014
              ],
              [
                -48.79911918999998,
                -26.25512802
              ],
              [
                -48.7990153,
                -26.2552371
              ],
              [
                -48.79899971,
                -26.25654612000001
              ],
              [
                -48.79874518000001,
                -26.256696759999986
              ],
              [
                -48.79793484000001,
                -26.255881220000013
              ],
              [
                -48.79764395,
                -26.25578253
              ],
              [
                -48.79650687,
                -26.256312690000016
              ],
              [
                -48.79567372999998,
                -26.25653738
              ],
              [
                -48.79599111999998,
                -26.25718326000002
              ],
              [
                -48.79659023999998,
                -26.257910120000012
              ],
              [
                -48.79655637,
                -26.26007751
              ],
              [
                -48.79625158,
                -26.26070967
              ],
              [
                -48.79571904,
                -26.26106926999999
              ],
              [
                -48.79551419,
                -26.26154844
              ],
              [
                -48.79459996,
                -26.26610402
              ],
              [
                -48.79581965,
                -26.26998485
              ],
              [
                -48.79606873,
                -26.27149675
              ],
              [
                -48.7969431,
                -26.27163297
              ]
            ]
          ]
        ]
      }
    },
    {
      "type": "Feature",
      "properties": {
        "bairro": "Jardim Paraíso"
      },
      "geometry": {
        "type": "MultiPolygon",
        "coordinates": [
          [
            [
              [
                -48.81860344999998,
                -26.21876374000001
              ],
              [
                -48.82066795,
                -26.22116274
              ],
              [
                -48.81961151,
                -26.223342729999988
              ],
              [
                -48.820892299999976,
                -26.22478014
              ],
              [
                -48.823012509999984,
                -26.22389195
              ],
              [
                -48.82428875,
                -26.220571739999983
              ],
              [
                -48.82290081,
                -26.22019167
              ],
              [
                -48.82255458999999,
                -26.21993551
              ],
              [
                -48.82266905999999,
                -26.21794896
              ],
              [
                -48.82238538,
                -26.21728701
              ],
              [
                -48.82235309999999,
                -26.21632709
              ],
              [
                -48.82169704,
                -26.21527817000002
              ],
              [
                -48.82188832,
                -26.21465667000001
              ],
              [
                -48.82264314,
                -26.21416896
              ],
              [
                -48.82327422,
                -26.21405601
              ],
              [
                -48.82401438,
                -26.21419101
              ],
              [
                -48.82487622,
                -26.214825959999985
              ],
              [
                -48.82580034,
                -26.21479599
              ],
              [
                -48.82613513999998,
                -26.21518902
              ],
              [
                -48.83347229999998,
                -26.212808970000026
              ],
              [
                -48.83769438,
                -26.21321001
              ],
              [
                -48.83891406,
                -26.206883009999988
              ],
              [
                -48.827700059999984,
                -26.20304901
              ],
              [
                -48.8205697,
                -26.21027698000001
              ],
              [
                -48.81628021999999,
                -26.20694181
              ],
              [
                -48.80698364,
                -26.21621944
              ],
              [
                -48.80745289,
                -26.21698945
              ],
              [
                -48.80801904999998,
                -26.217544509999986
              ],
              [
                -48.81062022,
                -26.21956203
              ],
              [
                -48.811842059999975,
                -26.21968299
              ],
              [
                -48.81279138,
                -26.21960298
              ],
              [
                -48.816135060000015,
                -26.218953
              ],
              [
                -48.81697865,
                -26.21838996
              ],
              [
                -48.81771095,
                -26.2182374
              ],
              [
                -48.81860344999998,
                -26.21876374000001
              ]
            ]
          ]
        ]
      }
    },
    {
      "type": "Feature",
      "properties": {
        "bairro": "Jardim Sofia"
      },
      "geometry": {
        "type": "MultiPolygon",
        "coordinates": [
          [
            [
              [
                -48.84507991000002,
                -26.24624263
              ],
              [
                -48.85064682,
                -26.248319240000022
              ],
              [
                -48.85160028,
                -26.24843419
              ],
              [
                -48.85344238,
                -26.24576384
              ],
              [
                -48.8538565,
                -26.24462145
              ],
              [
                -48.85361373999997,
                -26.2430935
              ],
              [
                -48.85272839,
                -26.24265083
              ],
              [
                -48.85208578999998,
                -26.24157983000002
              ],
              [
                -48.85147175999999,
                -26.239180810000015
              ],
              [
                -48.84473164,
                -26.23815266
              ],
              [
                -48.83721414,
                -26.23672197
              ],
              [
                -48.83566391,
                -26.23632483
              ],
              [
                -48.83502131,
                -26.23498252
              ],
              [
                -48.83264718999998,
                -26.231446820000013
              ],
              [
                -48.83200876999998,
                -26.231439130000016
              ],
              [
                -48.83180748999999,
                -26.23122107
              ],
              [
                -48.83183265,
                -26.230281760000018
              ],
              [
                -48.83163976,
                -26.22954373
              ],
              [
                -48.83119526,
                -26.22897343000001
              ],
              [
                -48.83010498,
                -26.22817669
              ],
              [
                -48.82925239999998,
                -26.22796192
              ],
              [
                -48.828886609999984,
                -26.228047389999983
              ],
              [
                -48.828528279999986,
                -26.2284199
              ],
              [
                -48.82793282,
                -26.22969469
              ],
              [
                -48.82769799,
                -26.229828879999985
              ],
              [
                -48.8269736,
                -26.22983303999999
              ],
              [
                -48.82639805,
                -26.22913278
              ],
              [
                -48.82602287999999,
                -26.22975675
              ],
              [
                -48.82615608,
                -26.23017854
              ],
              [
                -48.82775362999998,
                -26.23293201000001
              ],
              [
                -48.82876987999999,
                -26.23694621
              ],
              [
                -48.82955420999998,
                -26.23808727
              ],
              [
                -48.83294668,
                -26.23971971
              ],
              [
                -48.84045156,
                -26.2444628
              ],
              [
                -48.84507991000002,
                -26.24624263
              ]
            ]
          ]
        ]
      }
    },
    {
      "type": "Feature",
      "properties": {
        "bairro": "Jarivatuba"
      },
      "geometry": {
        "type": "MultiPolygon",
        "coordinates": [
          [
            [
              [
                -48.79586525999997,
                -26.339313959999988
              ],
              [
                -48.7971483,
                -26.33924997
              ],
              [
                -48.79932126,
                -26.33947902
              ],
              [
                -48.802470180000014,
                -26.338698
              ],
              [
                -48.80376006,
                -26.33818302
              ],
              [
                -48.804468179999986,
                -26.33814198
              ],
              [
                -48.8054031,
                -26.33845797
              ],
              [
                -48.80708934,
                -26.33945202
              ],
              [
                -48.81198317999998,
                -26.33955399
              ],
              [
                -48.81523829999998,
                -26.340471
              ],
              [
                -48.81629497,
                -26.34032839000003
              ],
              [
                -48.81694489,
                -26.33743349
              ],
              [
                -48.81665286,
                -26.33546936
              ],
              [
                -48.81679842,
                -26.33315753
              ],
              [
                -48.81367427999998,
                -26.33377963
              ],
              [
                -48.813218419999984,
                -26.33234439
              ],
              [
                -48.81236262,
                -26.3311344
              ],
              [
                -48.81189138,
                -26.33089104
              ],
              [
                -48.81099318,
                -26.33067801
              ],
              [
                -48.810971219999985,
                -26.32970601
              ],
              [
                -48.80996429999998,
                -26.328920040000014
              ],
              [
                -48.80955714000001,
                -26.327349
              ],
              [
                -48.80817006,
                -26.32504598999999
              ],
              [
                -48.80813118,
                -26.32468896000001
              ],
              [
                -48.807925259999976,
                -26.32493601
              ],
              [
                -48.80803614,
                -26.32512204
              ],
              [
                -48.80770926,
                -26.32558203000001
              ],
              [
                -48.80542722,
                -26.328161970000018
              ],
              [
                -48.79832621999998,
                -26.33307003
              ],
              [
                -48.796549259999985,
                -26.33445297
              ],
              [
                -48.79288626000001,
                -26.33854698
              ],
              [
                -48.7946661,
                -26.339516010000025
              ],
              [
                -48.79504734,
                -26.33957199
              ],
              [
                -48.79586525999997,
                -26.339313959999988
              ]
            ]
          ]
        ]
      }
    },
    {
      "type": "Feature",
      "properties": {
        "bairro": "João Costa"
      },
      "geometry": {
        "type": "MultiPolygon",
        "coordinates": [
          [
            [
              [
                -48.79765806,
                -26.340993
              ],
              [
                -48.79675626,
                -26.341801019999988
              ],
              [
                -48.795331379999986,
                -26.34204798
              ],
              [
                -48.7949991,
                -26.34221304000002
              ],
              [
                -48.79415975,
                -26.34305516
              ],
              [
                -48.80335325999999,
                -26.35026102
              ],
              [
                -48.80509314,
                -26.35066197
              ],
              [
                -48.80643522,
                -26.350817040000013
              ],
              [
                -48.80881518000001,
                -26.35001604
              ],
              [
                -48.81055151,
                -26.34996553
              ],
              [
                -48.81106426,
                -26.34970665
              ],
              [
                -48.811687699999986,
                -26.35099841999999
              ],
              [
                -48.811741629999986,
                -26.35146909
              ],
              [
                -48.81241358,
                -26.352631379999984
              ],
              [
                -48.81306781,
                -26.35466445
              ],
              [
                -48.81380334,
                -26.35385039
              ],
              [
                -48.8160261,
                -26.355532929999974
              ],
              [
                -48.81990138,
                -26.35517997
              ],
              [
                -48.82014056,
                -26.35227216
              ],
              [
                -48.82128025999999,
                -26.35262554999997
              ],
              [
                -48.821805970000014,
                -26.35319226
              ],
              [
                -48.82207433999998,
                -26.353212030000016
              ],
              [
                -48.8225484,
                -26.35270609
              ],
              [
                -48.822787089999984,
                -26.35216281000001
              ],
              [
                -48.82298622,
                -26.35086699000003
              ],
              [
                -48.82405218,
                -26.35071497999999
              ],
              [
                -48.82480452999999,
                -26.35023516
              ],
              [
                -48.824700280000016,
                -26.34955659999999
              ],
              [
                -48.82387484,
                -26.349318360000016
              ],
              [
                -48.8232833,
                -26.348220440000013
              ],
              [
                -48.82339482999998,
                -26.34667415
              ],
              [
                -48.8238756,
                -26.345942250000014
              ],
              [
                -48.82391082999998,
                -26.34504068
              ],
              [
                -48.82378604,
                -26.34482031
              ],
              [
                -48.822408039999985,
                -26.34432911
              ],
              [
                -48.822301840000016,
                -26.342967040000016
              ],
              [
                -48.82143420999998,
                -26.34198879
              ],
              [
                -48.82140911,
                -26.34088509000001
              ],
              [
                -48.8201091,
                -26.34070797
              ],
              [
                -48.81833718,
                -26.340685020000013
              ],
              [
                -48.81629497,
                -26.34032839000003
              ],
              [
                -48.81523829999998,
                -26.340471
              ],
              [
                -48.81198317999998,
                -26.33955399
              ],
              [
                -48.80741406,
                -26.339508
              ],
              [
                -48.80671025999998,
                -26.33927796
              ],
              [
                -48.80513289999996,
                -26.33834285000001
              ],
              [
                -48.80411322,
                -26.33813496
              ],
              [
                -48.802470180000014,
                -26.338698
              ],
              [
                -48.79932126,
                -26.33947902
              ],
              [
                -48.79838814,
                -26.34021
              ],
              [
                -48.79765806,
                -26.340993
              ]
            ]
          ]
        ]
      }
    },
    {
      "type": "Feature",
      "properties": {
        "bairro": "Morro Do Meio"
      },
      "geometry": {
        "type": "MultiPolygon",
        "coordinates": [
          [
            [
              [
                -48.89444076,
                -26.336006900000015
              ],
              [
                -48.89441021999998,
                -26.33654196000002
              ],
              [
                -48.89426334,
                -26.336755980000014
              ],
              [
                -48.89379426,
                -26.33706603
              ],
              [
                -48.89339322,
                -26.33716098
              ],
              [
                -48.89339034,
                -26.33818301999999
              ],
              [
                -48.91022933999998,
                -26.33699196
              ],
              [
                -48.9160473,
                -26.331354
              ],
              [
                -48.921664409999984,
                -26.32564783
              ],
              [
                -48.92108693,
                -26.32460137
              ],
              [
                -48.92023997,
                -26.32405189
              ],
              [
                -48.91975598000001,
                -26.32346424
              ],
              [
                -48.91960836,
                -26.32270497
              ],
              [
                -48.91049826,
                -26.31532203
              ],
              [
                -48.9107103,
                -26.31776697
              ],
              [
                -48.9106491,
                -26.31847599
              ],
              [
                -48.9101163,
                -26.31882303
              ],
              [
                -48.90827418,
                -26.319123990000023
              ],
              [
                -48.90759233999998,
                -26.319753
              ],
              [
                -48.90731225999998,
                -26.322886980000014
              ],
              [
                -48.90717834,
                -26.32323996
              ],
              [
                -48.90659514,
                -26.323713989999984
              ],
              [
                -48.905134259999976,
                -26.32411899
              ],
              [
                -48.90397433999998,
                -26.325621990000013
              ],
              [
                -48.90320006,
                -26.32631575
              ],
              [
                -48.90218278,
                -26.327119069999988
              ],
              [
                -48.90118879,
                -26.32735276
              ],
              [
                -48.90289038,
                -26.32903803
              ],
              [
                -48.903490369999986,
                -26.329409580000018
              ],
              [
                -48.90549407,
                -26.33123981
              ],
              [
                -48.90339755,
                -26.33325968
              ],
              [
                -48.90389631999999,
                -26.33381596
              ],
              [
                -48.901062300000014,
                -26.333991
              ],
              [
                -48.89651729999998,
                -26.32954302
              ],
              [
                -48.89537934,
                -26.33066802
              ],
              [
                -48.89473926,
                -26.331594029999984
              ],
              [
                -48.89450525999999,
                -26.33218101
              ],
              [
                -48.89448006,
                -26.333577
              ],
              [
                -48.89432525999999,
                -26.33416497000001
              ],
              [
                -48.89444076,
                -26.336006900000015
              ]
            ]
          ]
        ]
      }
    },
    {
      "type": "Feature",
      "properties": {
        "bairro": "Nova Brasília"
      },
      "geometry": {
        "type": "MultiPolygon",
        "coordinates": [
          [
            [
              [
                -48.85327518,
                -26.376525
              ],
              [
                -48.85158317999998,
                -26.37842598000001
              ],
              [
                -48.8513661,
                -26.37935802
              ],
              [
                -48.851458260000015,
                -26.38080297
              ],
              [
                -48.8513661,
                -26.381816010000012
              ],
              [
                -48.85102914,
                -26.38245798
              ],
              [
                -48.84975438,
                -26.384112
              ],
              [
                -48.8490153,
                -26.384766029999987
              ],
              [
                -48.848556299999984,
                -26.38499795999999
              ],
              [
                -48.84173034,
                -26.387051040000014
              ],
              [
                -48.84099018,
                -26.38747998
              ],
              [
                -48.84055314,
                -26.387894969999987
              ],
              [
                -48.8400333,
                -26.38892403
              ],
              [
                -48.83955414,
                -26.391097980000023
              ],
              [
                -48.84111510000001,
                -26.39132901
              ],
              [
                -48.84155214000001,
                -26.38955502
              ],
              [
                -48.84225306,
                -26.38886004
              ],
              [
                -48.84626022000001,
                -26.38776096
              ],
              [
                -48.84929034,
                -26.386767
              ],
              [
                -48.850683179999976,
                -26.38582704
              ],
              [
                -48.85246338,
                -26.38350396
              ],
              [
                -48.85301706,
                -26.382366
              ],
              [
                -48.85319634,
                -26.381005020000018
              ],
              [
                -48.85305306,
                -26.37943902
              ],
              [
                -48.8546763,
                -26.37724896
              ],
              [
                -48.85661995,
                -26.37522163
              ],
              [
                -48.85702073,
                -26.374448690000015
              ],
              [
                -48.85807994,
                -26.371843620000032
              ],
              [
                -48.85870974,
                -26.369467550000014
              ],
              [
                -48.86008385,
                -26.36548837
              ],
              [
                -48.8684661,
                -26.36554578
              ],
              [
                -48.863227819999985,
                -26.35786297000001
              ],
              [
                -48.86483423,
                -26.35290406
              ],
              [
                -48.87752056999999,
                -26.35292894
              ],
              [
                -48.8773383,
                -26.35093998
              ],
              [
                -48.88287906,
                -26.35066701
              ],
              [
                -48.886194300000014,
                -26.34114897
              ],
              [
                -48.88730418,
                -26.32816296
              ],
              [
                -48.88853718,
                -26.32795101000002
              ],
              [
                -48.88964022,
                -26.327924009999986
              ],
              [
                -48.89004522000001,
                -26.327556
              ],
              [
                -48.890207889999985,
                -26.32661539
              ],
              [
                -48.88774734,
                -26.32661496
              ],
              [
                -48.88786240000001,
                -26.32616147999998
              ],
              [
                -48.88594318,
                -26.326142660000023
              ],
              [
                -48.86449026000001,
                -26.32717197
              ],
              [
                -48.86268126,
                -26.329194990000016
              ],
              [
                -48.86203434,
                -26.330274
              ],
              [
                -48.85931022,
                -26.336483010000013
              ],
              [
                -48.85897901,
                -26.33918192
              ],
              [
                -48.85742418,
                -26.34468498
              ],
              [
                -48.85703106000001,
                -26.346573
              ],
              [
                -48.85715008,
                -26.34844726
              ],
              [
                -48.85842960999998,
                -26.35324961
              ],
              [
                -48.85859634,
                -26.35446798
              ],
              [
                -48.85875698,
                -26.36000953000002
              ],
              [
                -48.85864493,
                -26.364300070000013
              ],
              [
                -48.85740114,
                -26.367788970000017
              ],
              [
                -48.85664334,
                -26.37103401000001
              ],
              [
                -48.855873299999985,
                -26.37347004
              ],
              [
                -48.85521738,
                -26.37455904
              ],
              [
                -48.85327518,
                -26.376525
              ]
            ]
          ]
        ]
      }
    },
    {
      "type": "Feature",
      "properties": {
        "bairro": "Paranaguá-Mirim"
      },
      "geometry": {
        "type": "MultiPolygon",
        "coordinates": [
          [
            [
              [
                -48.768063,
                -26.354228
              ],
              [
                -48.768548,
                -26.353997
              ],
              [
                -48.768754,
                -26.35439
              ],
              [
                -48.76992512999998,
                -26.35431343
              ],
              [
                -48.77009225,
                -26.35455782
              ],
              [
                -48.769849,
                -26.354842
              ],
              [
                -48.77026,
                -26.355561
              ],
              [
                -48.771193,
                -26.356003
              ],
              [
                -48.771893,
                -26.355996
              ],
              [
                -48.773302,
                -26.355528
              ],
              [
                -48.774105,
                -26.355712
              ],
              [
                -48.77523346999999,
                -26.35624082
              ],
              [
                -48.77578479000002,
                -26.35599844
              ],
              [
                -48.77612595,
                -26.35599844
              ],
              [
                -48.77685641,
                -26.35632323
              ],
              [
                -48.77726616,
                -26.356261430000014
              ],
              [
                -48.77781739999999,
                -26.3569018
              ],
              [
                -48.778228,
                -26.357781
              ],
              [
                -48.779064,
                -26.358484
              ],
              [
                -48.77958,
                -26.35866
              ],
              [
                -48.780088,
                -26.359208
              ],
              [
                -48.780453149999985,
                -26.360421129999988
              ],
              [
                -48.78095063999998,
                -26.360766840000014
              ],
              [
                -48.78304975000001,
                -26.36151572
              ],
              [
                -48.78340717,
                -26.3621232
              ],
              [
                -48.78390136,
                -26.36261847000001
              ],
              [
                -48.784408,
                -26.362824
              ],
              [
                -48.78518338,
                -26.36276287999998
              ],
              [
                -48.78633317,
                -26.363636280000016
              ],
              [
                -48.78752718,
                -26.36431251
              ],
              [
                -48.789457409999976,
                -26.36480674
              ],
              [
                -48.790125,
                -26.365181
              ],
              [
                -48.79078741,
                -26.36575888
              ],
              [
                -48.79135394,
                -26.36595356
              ],
              [
                -48.79434847,
                -26.36609355
              ],
              [
                -48.79605634,
                -26.366676660000014
              ],
              [
                -48.79783806,
                -26.364996
              ],
              [
                -48.797891340000014,
                -26.36430696
              ],
              [
                -48.79774914,
                -26.36379396
              ],
              [
                -48.79734126000001,
                -26.363313
              ],
              [
                -48.79716306,
                -26.36278397999999
              ],
              [
                -48.79723434000001,
                -26.362463040000012
              ],
              [
                -48.797536379999976,
                -26.362094039999988
              ],
              [
                -48.7982643,
                -26.361612990000015
              ],
              [
                -48.79869126,
                -26.36110098
              ],
              [
                -48.798851099999986,
                -26.36007498
              ],
              [
                -48.79876218,
                -26.358584040000014
              ],
              [
                -48.79785606,
                -26.35622802
              ],
              [
                -48.797767139999976,
                -26.35550703
              ],
              [
                -48.79783806,
                -26.35454502
              ],
              [
                -48.7982463,
                -26.35308603
              ],
              [
                -48.7989573,
                -26.35223598
              ],
              [
                -48.80205618,
                -26.34996501
              ],
              [
                -48.80335325999999,
                -26.35026102
              ],
              [
                -48.79415975,
                -26.34305516
              ],
              [
                -48.7949991,
                -26.34221304000002
              ],
              [
                -48.795331379999986,
                -26.34204798
              ],
              [
                -48.79675626,
                -26.341801019999988
              ],
              [
                -48.79932126,
                -26.33947902
              ],
              [
                -48.7971483,
                -26.33924997
              ],
              [
                -48.79586525999997,
                -26.339313959999988
              ],
              [
                -48.79504734,
                -26.33957199
              ],
              [
                -48.7946661,
                -26.339516010000025
              ],
              [
                -48.79065929999999,
                -26.337468960000013
              ],
              [
                -48.78892338,
                -26.33542803
              ],
              [
                -48.78887730000001,
                -26.334207
              ],
              [
                -48.78857417999998,
                -26.33281704
              ],
              [
                -48.785871299999975,
                -26.329905
              ],
              [
                -48.78515022,
                -26.329455
              ],
              [
                -48.78266723,
                -26.32710215
              ],
              [
                -48.78235974000001,
                -26.32697254
              ],
              [
                -48.782203139999986,
                -26.32636236
              ],
              [
                -48.78122777,
                -26.32545175
              ],
              [
                -48.78104056,
                -26.32501621
              ],
              [
                -48.781068369999986,
                -26.3246157
              ],
              [
                -48.78146332,
                -26.324120630000014
              ],
              [
                -48.78158489,
                -26.32370801
              ],
              [
                -48.78096267999998,
                -26.32208471999999
              ],
              [
                -48.7816747,
                -26.32180103
              ],
              [
                -48.78246310999999,
                -26.32122848
              ],
              [
                -48.782660859999986,
                -26.32136623
              ],
              [
                -48.782660859999986,
                -26.32187685000001
              ],
              [
                -48.78298912,
                -26.32209569
              ],
              [
                -48.78321126999998,
                -26.32208121
              ],
              [
                -48.783704499999985,
                -26.321839859999987
              ],
              [
                -48.78401456,
                -26.321545920000013
              ],
              [
                -48.78405549,
                -26.32131708
              ],
              [
                -48.78316547,
                -26.31982074
              ],
              [
                -48.78268813,
                -26.31944905000001
              ],
              [
                -48.78193058,
                -26.319203290000015
              ],
              [
                -48.7818972,
                -26.31908092
              ],
              [
                -48.78288734,
                -26.31830215
              ],
              [
                -48.78297363,
                -26.31758593000002
              ],
              [
                -48.78362717000002,
                -26.317545640000013
              ],
              [
                -48.78458949999999,
                -26.31792389000001
              ],
              [
                -48.7855787,
                -26.317828360000014
              ],
              [
                -48.786219340000024,
                -26.31740657
              ],
              [
                -48.78625828,
                -26.31707838
              ],
              [
                -48.78539586,
                -26.3161238
              ],
              [
                -48.78519485999998,
                -26.31567799
              ],
              [
                -48.78549865,
                -26.31524329
              ],
              [
                -48.78323786,
                -26.31546666
              ],
              [
                -48.77811896,
                -26.31182793000001
              ],
              [
                -48.77565203,
                -26.31367813
              ],
              [
                -48.77003975,
                -26.31515829
              ],
              [
                -48.76794285,
                -26.31620674
              ],
              [
                -48.76851714,
                -26.316948960000012
              ],
              [
                -48.76851714,
                -26.318328030000014
              ],
              [
                -48.76766537999998,
                -26.31855204
              ],
              [
                -48.76702638,
                -26.31960999000001
              ],
              [
                -48.75517646,
                -26.32003049000001
              ],
              [
                -48.75543129,
                -26.34088417000001
              ],
              [
                -48.75546552,
                -26.35753981
              ],
              [
                -48.755808059999985,
                -26.35807139
              ],
              [
                -48.75615984999999,
                -26.35834277000001
              ],
              [
                -48.7562901,
                -26.3580522
              ],
              [
                -48.75683782999999,
                -26.35802883
              ],
              [
                -48.75832683,
                -26.35910526000001
              ],
              [
                -48.75915020999999,
                -26.35930312
              ],
              [
                -48.759494879999984,
                -26.35902866
              ],
              [
                -48.7596353,
                -26.35819252000001
              ],
              [
                -48.75930978,
                -26.357011720000017
              ],
              [
                -48.7587098,
                -26.355926650000015
              ],
              [
                -48.75883106999998,
                -26.35542241
              ],
              [
                -48.75908,
                -26.35537773
              ],
              [
                -48.75969912,
                -26.35556283
              ],
              [
                -48.76021613,
                -26.3558692
              ],
              [
                -48.76085587,
                -26.35717018
              ],
              [
                -48.76123098,
                -26.3572032
              ],
              [
                -48.76160756999999,
                -26.35689683000001
              ],
              [
                -48.76186926000001,
                -26.356424500000013
              ],
              [
                -48.76169053999998,
                -26.354509680000014
              ],
              [
                -48.76205436,
                -26.3546118
              ],
              [
                -48.7626688,
                -26.3551375
              ],
              [
                -48.76305007,
                -26.35517987
              ],
              [
                -48.76343303,
                -26.35469478000001
              ],
              [
                -48.7640011,
                -26.35439479
              ],
              [
                -48.76418619999998,
                -26.35415225
              ],
              [
                -48.76371386999998,
                -26.35323951
              ],
              [
                -48.764075269999985,
                -26.3529045
              ],
              [
                -48.76474149,
                -26.352792720000014
              ],
              [
                -48.76497766,
                -26.35184169
              ],
              [
                -48.765301,
                -26.351861
              ],
              [
                -48.76557762999998,
                -26.3521353
              ],
              [
                -48.76609464,
                -26.35201402
              ],
              [
                -48.76685417999999,
                -26.35262039
              ],
              [
                -48.76811157999998,
                -26.35267783
              ],
              [
                -48.76815626,
                -26.352811870000018
              ],
              [
                -48.76776692,
                -26.35315654
              ],
              [
                -48.766777,
                -26.353586
              ],
              [
                -48.766745629999974,
                -26.35380755000002
              ],
              [
                -48.76741403,
                -26.353645030000013
              ],
              [
                -48.76754451,
                -26.3537549
              ],
              [
                -48.76737112,
                -26.3540407
              ],
              [
                -48.7674621,
                -26.35447596
              ],
              [
                -48.767716,
                -26.354469
              ],
              [
                -48.768063,
                -26.354228
              ]
            ]
          ]
        ]
      }
    },
    {
      "type": "Feature",
      "properties": {
        "bairro": "Parque Guaraní"
      },
      "geometry": {
        "type": "MultiPolygon",
        "coordinates": [
          [
            [
              [
                -48.81032322,
                -26.37195102000001
              ],
              [
                -48.81410429999998,
                -26.371835010000012
              ],
              [
                -48.8184153,
                -26.371416960000015
              ],
              [
                -48.81868637999999,
                -26.366868
              ],
              [
                -48.81800633999998,
                -26.35836201
              ],
              [
                -48.8182551,
                -26.35799904
              ],
              [
                -48.819680339999984,
                -26.35698096
              ],
              [
                -48.81964326,
                -26.35607097
              ],
              [
                -48.81990138,
                -26.35517997
              ],
              [
                -48.8160261,
                -26.355532929999974
              ],
              [
                -48.81380334,
                -26.35385039
              ],
              [
                -48.81306781,
                -26.35466445
              ],
              [
                -48.81241358,
                -26.352631379999984
              ],
              [
                -48.811741629999986,
                -26.35146909
              ],
              [
                -48.811687699999986,
                -26.35099841999999
              ],
              [
                -48.81106426,
                -26.34970665
              ],
              [
                -48.81055151,
                -26.34996553
              ],
              [
                -48.80881518000001,
                -26.35001604
              ],
              [
                -48.80643522,
                -26.350817040000013
              ],
              [
                -48.80509314,
                -26.35066197
              ],
              [
                -48.80205618,
                -26.34996501
              ],
              [
                -48.798708179999984,
                -26.35244496
              ],
              [
                -48.7982463,
                -26.35308603
              ],
              [
                -48.79801518,
                -26.35367904000001
              ],
              [
                -48.797767139999976,
                -26.35550703
              ],
              [
                -48.79785606,
                -26.35622802
              ],
              [
                -48.79876218,
                -26.358584040000014
              ],
              [
                -48.798851099999986,
                -26.36007498
              ],
              [
                -48.79869126,
                -26.36110098
              ],
              [
                -48.7982643,
                -26.361612990000015
              ],
              [
                -48.797536379999976,
                -26.362094039999988
              ],
              [
                -48.79723434000001,
                -26.362463040000012
              ],
              [
                -48.79716306,
                -26.36278397999999
              ],
              [
                -48.79734126000001,
                -26.363313
              ],
              [
                -48.79774914,
                -26.36379396
              ],
              [
                -48.797891340000014,
                -26.36430696
              ],
              [
                -48.79783806,
                -26.364996
              ],
              [
                -48.79605634,
                -26.366676660000014
              ],
              [
                -48.799024,
                -26.366712
              ],
              [
                -48.799877,
                -26.366827
              ],
              [
                -48.801062,
                -26.368261
              ],
              [
                -48.80217,
                -26.368746
              ],
              [
                -48.802755,
                -26.369339
              ],
              [
                -48.80328415999998,
                -26.37045071
              ],
              [
                -48.804887,
                -26.372244
              ],
              [
                -48.80718113999998,
                -26.37199602000001
              ],
              [
                -48.81032322,
                -26.37195102000001
              ]
            ]
          ]
        ]
      }
    },
    {
      "type": "Feature",
      "properties": {
        "bairro": "Petrópolis"
      },
      "geometry": {
        "type": "MultiPolygon",
        "coordinates": [
          [
            [
              [
                -48.82292327999998,
                -26.35116997
              ],
              [
                -48.822787089999984,
                -26.35216281000001
              ],
              [
                -48.8225484,
                -26.35270609
              ],
              [
                -48.82207433999998,
                -26.353212030000016
              ],
              [
                -48.821805970000014,
                -26.35319226
              ],
              [
                -48.82128025999999,
                -26.35262554999997
              ],
              [
                -48.82014056,
                -26.35227216
              ],
              [
                -48.81990138,
                -26.35517997
              ],
              [
                -48.81964326,
                -26.35607097
              ],
              [
                -48.819680339999984,
                -26.35698096
              ],
              [
                -48.81808014,
                -26.35815303
              ],
              [
                -48.8180751,
                -26.359382969999988
              ],
              [
                -48.8197041,
                -26.35926804
              ],
              [
                -48.82064226,
                -26.358561
              ],
              [
                -48.8210253,
                -26.35794
              ],
              [
                -48.82168229999998,
                -26.35779501
              ],
              [
                -48.82190622,
                -26.357607
              ],
              [
                -48.82231734,
                -26.35652600999999
              ],
              [
                -48.82305930000001,
                -26.35595901
              ],
              [
                -48.82517322000001,
                -26.355429
              ],
              [
                -48.8259811,
                -26.35473524000001
              ],
              [
                -48.826976219999985,
                -26.35462459000001
              ],
              [
                -48.82709658,
                -26.354823020000012
              ],
              [
                -48.82771789999998,
                -26.35482627000002
              ],
              [
                -48.83021376,
                -26.35462526
              ],
              [
                -48.83023268999999,
                -26.354816020000012
              ],
              [
                -48.83282386,
                -26.35461141000001
              ],
              [
                -48.83429510000001,
                -26.35425565999998
              ],
              [
                -48.83852097999998,
                -26.35452049
              ],
              [
                -48.83842829,
                -26.35382294
              ],
              [
                -48.83857314,
                -26.35156601999999
              ],
              [
                -48.84195853,
                -26.34714833000001
              ],
              [
                -48.84213318,
                -26.34494191000001
              ],
              [
                -48.84265241999998,
                -26.3443291
              ],
              [
                -48.84287106999999,
                -26.343716960000013
              ],
              [
                -48.84288264999998,
                -26.34128067
              ],
              [
                -48.8412141,
                -26.339237010000012
              ],
              [
                -48.84080334,
                -26.33935599
              ],
              [
                -48.84040084999998,
                -26.33928464
              ],
              [
                -48.83948097,
                -26.33886196999999
              ],
              [
                -48.83757809999999,
                -26.34040701
              ],
              [
                -48.83734013999999,
                -26.34051699
              ],
              [
                -48.83604596,
                -26.34040813
              ],
              [
                -48.83474037,
                -26.341064020000015
              ],
              [
                -48.83250256,
                -26.343235630000024
              ],
              [
                -48.83220019999998,
                -26.343356599999986
              ],
              [
                -48.83176915,
                -26.34258112
              ],
              [
                -48.83129532,
                -26.342114359999982
              ],
              [
                -48.83005417,
                -26.34279462000001
              ],
              [
                -48.82648134,
                -26.339022069999988
              ],
              [
                -48.82627327,
                -26.339154170000032
              ],
              [
                -48.82553514,
                -26.33836683
              ],
              [
                -48.82340634,
                -26.340084
              ],
              [
                -48.82140911,
                -26.34088509000001
              ],
              [
                -48.82143420999998,
                -26.34198879
              ],
              [
                -48.822301840000016,
                -26.342967040000016
              ],
              [
                -48.822408039999985,
                -26.34432911
              ],
              [
                -48.82378604,
                -26.34482031
              ],
              [
                -48.82391082999998,
                -26.34504068
              ],
              [
                -48.8238756,
                -26.345942250000014
              ],
              [
                -48.82339482999998,
                -26.34667415
              ],
              [
                -48.82327500999999,
                -26.34796951
              ],
              [
                -48.82342723,
                -26.34865675
              ],
              [
                -48.82387484,
                -26.349318360000016
              ],
              [
                -48.824700280000016,
                -26.34955659999999
              ],
              [
                -48.82477052,
                -26.34972662
              ],
              [
                -48.82480452999999,
                -26.35023516
              ],
              [
                -48.82451406000001,
                -26.35049898
              ],
              [
                -48.82405218,
                -26.35071497999999
              ],
              [
                -48.82298622,
                -26.35086699000003
              ],
              [
                -48.82292327999998,
                -26.35116997
              ]
            ]
          ]
        ]
      }
    },
    {
      "type": "Feature",
      "properties": {
        "bairro": "Pirabeiraba"
      },
      "geometry": {
        "type": "MultiPolygon",
        "coordinates": [
          [
            [
              [
                -48.89880726,
                -26.230148010000015
              ],
              [
                -48.89843429999998,
                -26.230815
              ],
              [
                -48.90156414,
                -26.231588009999985
              ],
              [
                -48.9026571,
                -26.231723010000014
              ],
              [
                -48.90760926,
                -26.23171203
              ],
              [
                -48.91117836,
                -26.23072315000001
              ],
              [
                -48.91266113999998,
                -26.230647959999988
              ],
              [
                -48.91385813999998,
                -26.23021596
              ],
              [
                -48.91448922,
                -26.23012299
              ],
              [
                -48.91844135,
                -26.23125676
              ],
              [
                -48.91799526,
                -26.228619
              ],
              [
                -48.91694333999999,
                -26.22801204000001
              ],
              [
                -48.91654734,
                -26.227251
              ],
              [
                -48.91624314000001,
                -26.22329001000001
              ],
              [
                -48.9162561,
                -26.22257802
              ],
              [
                -48.91668413999999,
                -26.22152304
              ],
              [
                -48.917131259999984,
                -26.22098601000002
              ],
              [
                -48.91747938,
                -26.22015999
              ],
              [
                -48.91705926,
                -26.219961
              ],
              [
                -48.91651818,
                -26.219928959999983
              ],
              [
                -48.91641125999998,
                -26.21932803
              ],
              [
                -48.91815222,
                -26.21784699
              ],
              [
                -48.91834122,
                -26.21736198
              ],
              [
                -48.918261299999976,
                -26.21680596
              ],
              [
                -48.91652538,
                -26.21331801
              ],
              [
                -48.91592418,
                -26.212374
              ],
              [
                -48.91580933999999,
                -26.21099997
              ],
              [
                -48.91442118,
                -26.20593504
              ],
              [
                -48.91463718,
                -26.20551303
              ],
              [
                -48.9146433,
                -26.20515096
              ],
              [
                -48.91428114,
                -26.20444698
              ],
              [
                -48.9141663,
                -26.20385901
              ],
              [
                -48.91441722,
                -26.20382499000002
              ],
              [
                -48.91475525,
                -26.203992619999987
              ],
              [
                -48.913839719999984,
                -26.19531901
              ],
              [
                -48.91200125999998,
                -26.19500499
              ],
              [
                -48.90807471999999,
                -26.19486732
              ],
              [
                -48.9065091,
                -26.196192
              ],
              [
                -48.90467238,
                -26.197242030000023
              ],
              [
                -48.90372234,
                -26.19757899
              ],
              [
                -48.903150719999985,
                -26.19761202000002
              ],
              [
                -48.90296508,
                -26.1979833
              ],
              [
                -48.902008319999986,
                -26.206108560000015
              ],
              [
                -48.90136572999999,
                -26.20635131999998
              ],
              [
                -48.90133717,
                -26.20682256
              ],
              [
                -48.90116581,
                -26.20683684
              ],
              [
                -48.90086593,
                -26.20735091
              ],
              [
                -48.89978066,
                -26.20767935
              ],
              [
                -48.89886675,
                -26.20880746
              ],
              [
                -48.89890958,
                -26.20910734
              ],
              [
                -48.89870967,
                -26.209649980000012
              ],
              [
                -48.89849547,
                -26.20980705999999
              ],
              [
                -48.89860971,
                -26.21007837000002
              ],
              [
                -48.89979494,
                -26.21069241000001
              ],
              [
                -48.89643916,
                -26.21656145
              ],
              [
                -48.90095161,
                -26.218717709999982
              ],
              [
                -48.90039306,
                -26.21949399
              ],
              [
                -48.89866683000001,
                -26.2209311
              ],
              [
                -48.89480622,
                -26.22373398
              ],
              [
                -48.894348299999976,
                -26.22425796
              ],
              [
                -48.89405442,
                -26.22485807
              ],
              [
                -48.89547113999998,
                -26.22541896
              ],
              [
                -48.89747634,
                -26.225298990000017
              ],
              [
                -48.9005493,
                -26.227233
              ],
              [
                -48.89880726,
                -26.230148010000015
              ]
            ]
          ]
        ]
      }
    },
    {
      "type": "Feature",
      "properties": {
        "bairro": "Profipo"
      },
      "geometry": {
        "type": "MultiPolygon",
        "coordinates": [
          [
            [
              [
                -48.8434191,
                -26.37690399
              ],
              [
                -48.84245214,
                -26.37554202
              ],
              [
                -48.84225630000001,
                -26.37539001
              ],
              [
                -48.84156617999999,
                -26.37526302000002
              ],
              [
                -48.841001339999984,
                -26.37474398999998
              ],
              [
                -48.84046421999998,
                -26.374527990000015
              ],
              [
                -48.83973918,
                -26.37448704
              ],
              [
                -48.83782401,
                -26.374883010000016
              ],
              [
                -48.84201233,
                -26.37637521000001
              ],
              [
                -48.842528409999986,
                -26.376811890000013
              ],
              [
                -48.84294494,
                -26.37792264
              ],
              [
                -48.8434191,
                -26.37690399
              ]
            ]
          ],
          [
            [
              [
                -48.84269287,
                -26.35962295
              ],
              [
                -48.84177714000001,
                -26.36080002
              ],
              [
                -48.83933309999998,
                -26.361686969999983
              ],
              [
                -48.83938206,
                -26.36197902
              ],
              [
                -48.83839413,
                -26.36308289
              ],
              [
                -48.841828259999986,
                -26.366472
              ],
              [
                -48.842476629999986,
                -26.366777070000015
              ],
              [
                -48.84327114,
                -26.36687304
              ],
              [
                -48.84354303,
                -26.36682514000001
              ],
              [
                -48.843243309999984,
                -26.365706860000014
              ],
              [
                -48.84423522,
                -26.36523504
              ],
              [
                -48.845711819999984,
                -26.365121800000015
              ],
              [
                -48.84577401,
                -26.36472277
              ],
              [
                -48.84611727,
                -26.36431463
              ],
              [
                -48.84365413,
                -26.36076044
              ],
              [
                -48.84269287,
                -26.35962295
              ]
            ]
          ]
        ]
      }
    },
    {
      "type": "Feature",
      "properties": {
        "bairro": "Rio Bonito"
      },
      "geometry": {
        "type": "MultiPolygon",
        "coordinates": [
          [
            [
              [
                -48.903596339999986,
                -26.17449804
              ],
              [
                -48.90596118,
                -26.179602030000016
              ],
              [
                -48.9071751,
                -26.18273601000001
              ],
              [
                -48.9077133,
                -26.18527401
              ],
              [
                -48.90196806,
                -26.18597096999999
              ],
              [
                -48.903345059999985,
                -26.191484009999986
              ],
              [
                -48.90918822,
                -26.19109701
              ],
              [
                -48.909477299999985,
                -26.194858020000016
              ],
              [
                -48.91200125999998,
                -26.19500499
              ],
              [
                -48.913839719999984,
                -26.19531901
              ],
              [
                -48.913008179999984,
                -26.18687304
              ],
              [
                -48.91218522,
                -26.18227701
              ],
              [
                -48.91170318,
                -26.18184402
              ],
              [
                -48.91137629999998,
                -26.18121798
              ],
              [
                -48.91890138,
                -26.177886990000015
              ],
              [
                -48.91763129999998,
                -26.17579998
              ],
              [
                -48.91220826,
                -26.17782003
              ],
              [
                -48.9122133,
                -26.177567040000014
              ],
              [
                -48.90998417999999,
                -26.17425603
              ],
              [
                -48.91009614,
                -26.15694902999999
              ],
              [
                -48.9113412,
                -26.151394710000012
              ],
              [
                -48.91160647,
                -26.149213550000013
              ],
              [
                -48.91154752,
                -26.14803455
              ],
              [
                -48.917396220000015,
                -26.14814901000001
              ],
              [
                -48.91744518,
                -26.145099
              ],
              [
                -48.91092738,
                -26.14499901000001
              ],
              [
                -48.91014834,
                -26.14434201
              ],
              [
                -48.90305706,
                -26.135205030000012
              ],
              [
                -48.8977593,
                -26.13683196
              ],
              [
                -48.89518025999999,
                -26.138041020000014
              ],
              [
                -48.89409522,
                -26.139753990000013
              ],
              [
                -48.89565906,
                -26.14062204
              ],
              [
                -48.89682006000002,
                -26.140961970000014
              ],
              [
                -48.89837705999998,
                -26.14227597
              ],
              [
                -48.89881121999998,
                -26.145135
              ],
              [
                -48.90037038,
                -26.14629996
              ],
              [
                -48.90085422,
                -26.14819203
              ],
              [
                -48.90088626,
                -26.1504
              ],
              [
                -48.90038548,
                -26.15413714
              ],
              [
                -48.90025970999998,
                -26.15889689000002
              ],
              [
                -48.89629447,
                -26.15913136
              ],
              [
                -48.8962502,
                -26.16198561999999
              ],
              [
                -48.90102008999998,
                -26.16191478
              ],
              [
                -48.900689499999984,
                -26.16500812000001
              ],
              [
                -48.898328169999985,
                -26.16576375
              ],
              [
                -48.89622657999998,
                -26.166094330000014
              ],
              [
                -48.89616917999999,
                -26.168484960000015
              ],
              [
                -48.898037219999985,
                -26.16844599
              ],
              [
                -48.900280379999984,
                -26.16797898
              ],
              [
                -48.9012171,
                -26.16763797
              ],
              [
                -48.903596339999986,
                -26.17449804
              ]
            ]
          ]
        ]
      }
    },
    {
      "type": "Feature",
      "properties": {
        "bairro": "Saguaçu"
      },
      "geometry": {
        "type": "MultiPolygon",
        "coordinates": [
          [
            [
              [
                -48.83204341,
                -26.297071110000015
              ],
              [
                -48.83243514,
                -26.29743597
              ],
              [
                -48.83188506,
                -26.299982970000013
              ],
              [
                -48.83271126,
                -26.29970604
              ],
              [
                -48.83320914,
                -26.299730969999978
              ],
              [
                -48.83337438,
                -26.29990503
              ],
              [
                -48.8333193,
                -26.300802959999988
              ],
              [
                -48.8329053,
                -26.301475980000017
              ],
              [
                -48.83257338,
                -26.302698
              ],
              [
                -48.8326191,
                -26.30330604
              ],
              [
                -48.83348526,
                -26.304045030000015
              ],
              [
                -48.83351226,
                -26.30511702
              ],
              [
                -48.83392734,
                -26.30551599
              ],
              [
                -48.83470026,
                -26.305865010000012
              ],
              [
                -48.83516934,
                -26.30589003
              ],
              [
                -48.836274179999975,
                -26.305416
              ],
              [
                -48.83776529999999,
                -26.30394504
              ],
              [
                -48.83942506000001,
                -26.30530425000002
              ],
              [
                -48.839865179999975,
                -26.30505303
              ],
              [
                -48.84042534,
                -26.30442402
              ],
              [
                -48.840821339999984,
                -26.30316501
              ],
              [
                -48.841039139999985,
                -26.30141901
              ],
              [
                -48.84158633999998,
                -26.300973959999986
              ],
              [
                -48.84188226,
                -26.29987803
              ],
              [
                -48.84208638,
                -26.29549602
              ],
              [
                -48.84245825999999,
                -26.294976
              ],
              [
                -48.842578139999986,
                -26.29452897
              ],
              [
                -48.84279018,
                -26.28557397
              ],
              [
                -48.84467622000001,
                -26.283357
              ],
              [
                -48.84757314,
                -26.27893899
              ],
              [
                -48.84841626,
                -26.277390990000015
              ],
              [
                -48.84958734,
                -26.27745903
              ],
              [
                -48.85008042,
                -26.27257761
              ],
              [
                -48.84944406,
                -26.27273799
              ],
              [
                -48.84890406000001,
                -26.272988010000017
              ],
              [
                -48.8486643,
                -26.273304990000014
              ],
              [
                -48.8484951,
                -26.27329599
              ],
              [
                -48.84571122,
                -26.272305
              ],
              [
                -48.845297219999985,
                -26.26980498
              ],
              [
                -48.84400806,
                -26.270523
              ],
              [
                -48.84105138000001,
                -26.27269803
              ],
              [
                -48.83940726,
                -26.27046
              ],
              [
                -48.83877834,
                -26.26701903
              ],
              [
                -48.83666406,
                -26.267324040000013
              ],
              [
                -48.83620506,
                -26.26758297
              ],
              [
                -48.83550917999999,
                -26.268165
              ],
              [
                -48.83072405999998,
                -26.273450969999985
              ],
              [
                -48.83201718000002,
                -26.274006
              ],
              [
                -48.83292906,
                -26.27474796
              ],
              [
                -48.83440433999998,
                -26.27650296
              ],
              [
                -48.83527121999999,
                -26.27806401
              ],
              [
                -48.83636706,
                -26.27934804
              ],
              [
                -48.83684226,
                -26.28017901
              ],
              [
                -48.83119206,
                -26.28196101
              ],
              [
                -48.82687026,
                -26.292252960000013
              ],
              [
                -48.83204341,
                -26.297071110000015
              ]
            ]
          ]
        ]
      }
    },
    {
      "type": "Feature",
      "properties": {
        "bairro": "Santa Catarina"
      },
      "geometry": {
        "type": "MultiPolygon",
        "coordinates": [
          [
            [
              [
                -48.8434191,
                -26.37690399
              ],
              [
                -48.84294494,
                -26.37792264
              ],
              [
                -48.84491213,
                -26.382074540000016
              ],
              [
                -48.84516837999998,
                -26.38298432
              ],
              [
                -48.8453012,
                -26.38603458
              ],
              [
                -48.84808434,
                -26.385174
              ],
              [
                -48.8490153,
                -26.384766029999987
              ],
              [
                -48.84975438,
                -26.384112
              ],
              [
                -48.85102914,
                -26.38245798
              ],
              [
                -48.8513661,
                -26.381816010000012
              ],
              [
                -48.85138806000001,
                -26.379019980000013
              ],
              [
                -48.85170521999998,
                -26.37821799
              ],
              [
                -48.85498806,
                -26.37482301
              ],
              [
                -48.855873299999985,
                -26.37347004
              ],
              [
                -48.85664334,
                -26.37103401000001
              ],
              [
                -48.85740114,
                -26.367788970000017
              ],
              [
                -48.85864493,
                -26.364300070000013
              ],
              [
                -48.85875698,
                -26.36000953000002
              ],
              [
                -48.85859634,
                -26.35446798
              ],
              [
                -48.85842960999998,
                -26.35324961
              ],
              [
                -48.85715008,
                -26.34844726
              ],
              [
                -48.84132929999998,
                -26.34794703000001
              ],
              [
                -48.83857314,
                -26.35156601999999
              ],
              [
                -48.83842829,
                -26.35382294
              ],
              [
                -48.83933309999998,
                -26.361686969999983
              ],
              [
                -48.84177714000001,
                -26.36080002
              ],
              [
                -48.84269287,
                -26.35962295
              ],
              [
                -48.84365413,
                -26.36076044
              ],
              [
                -48.84611727,
                -26.36431463
              ],
              [
                -48.84577401,
                -26.36472277
              ],
              [
                -48.845711819999984,
                -26.365121800000015
              ],
              [
                -48.84423522,
                -26.36523504
              ],
              [
                -48.843243309999984,
                -26.365706860000014
              ],
              [
                -48.84354303,
                -26.36682514000001
              ],
              [
                -48.84280018,
                -26.366862220000016
              ],
              [
                -48.841828259999986,
                -26.366472
              ],
              [
                -48.83839413,
                -26.36308289
              ],
              [
                -48.8373869,
                -26.36429063
              ],
              [
                -48.83656451000002,
                -26.36627062
              ],
              [
                -48.83604758,
                -26.36673429
              ],
              [
                -48.83456526,
                -26.36751798
              ],
              [
                -48.83250846999997,
                -26.36966371
              ],
              [
                -48.832045829999984,
                -26.37053739
              ],
              [
                -48.83191707000001,
                -26.37106244
              ],
              [
                -48.83202107,
                -26.37164064
              ],
              [
                -48.83242122999998,
                -26.373191919999986
              ],
              [
                -48.83374626,
                -26.37395496
              ],
              [
                -48.83586414,
                -26.374282020000013
              ],
              [
                -48.83771418,
                -26.374913010000018
              ],
              [
                -48.83973918,
                -26.37448704
              ],
              [
                -48.84046421999998,
                -26.374527990000015
              ],
              [
                -48.841001339999984,
                -26.37474398999998
              ],
              [
                -48.84156617999999,
                -26.37526302000002
              ],
              [
                -48.84225630000001,
                -26.37539001
              ],
              [
                -48.84245214,
                -26.37554202
              ],
              [
                -48.8434191,
                -26.37690399
              ]
            ]
          ]
        ]
      }
    },
    {
      "type": "Feature",
      "properties": {
        "bairro": "Santo Antônio"
      },
      "geometry": {
        "type": "MultiPolygon",
        "coordinates": [
          [
            [
              [
                -48.85448841999999,
                -26.277723600000016
              ],
              [
                -48.8633721,
                -26.278230960000013
              ],
              [
                -48.863074379999986,
                -26.27351001
              ],
              [
                -48.86246422999998,
                -26.26905862
              ],
              [
                -48.86213621999999,
                -26.268111
              ],
              [
                -48.86153538,
                -26.26408998
              ],
              [
                -48.861627169999984,
                -26.26351706
              ],
              [
                -48.85763118,
                -26.262018
              ],
              [
                -48.85426682,
                -26.26013063000001
              ],
              [
                -48.85136322000001,
                -26.25949503
              ],
              [
                -48.84958734,
                -26.27745903
              ],
              [
                -48.85448841999999,
                -26.277723600000016
              ]
            ]
          ]
        ]
      }
    },
    {
      "type": "Feature",
      "properties": {
        "bairro": "São Marcos"
      },
      "geometry": {
        "type": "MultiPolygon",
        "coordinates": [
          [
            [
              [
                -48.86712574,
                -26.32357191
              ],
              [
                -48.86449026000001,
                -26.32717197
              ],
              [
                -48.88594318,
                -26.326142660000023
              ],
              [
                -48.88786240000001,
                -26.32616147999998
              ],
              [
                -48.88879226,
                -26.31576701
              ],
              [
                -48.88938929999998,
                -26.31291003
              ],
              [
                -48.88953834,
                -26.311483979999988
              ],
              [
                -48.89008914,
                -26.309907
              ],
              [
                -48.89111513999998,
                -26.30833803
              ],
              [
                -48.89239709999998,
                -26.30704797
              ],
              [
                -48.89299829999999,
                -26.30542896
              ],
              [
                -48.89321785,
                -26.303156050000013
              ],
              [
                -48.8952903,
                -26.30325967000001
              ],
              [
                -48.89545925999999,
                -26.299951020000012
              ],
              [
                -48.89247234,
                -26.29971702
              ],
              [
                -48.88696506,
                -26.299557990000014
              ],
              [
                -48.88609422000001,
                -26.30016603
              ],
              [
                -48.88570506,
                -26.30027096999999
              ],
              [
                -48.8831991,
                -26.30001303
              ],
              [
                -48.88303134,
                -26.30023803
              ],
              [
                -48.88274838,
                -26.30152197
              ],
              [
                -48.88211514,
                -26.302971960000015
              ],
              [
                -48.87801725999997,
                -26.30911104000002
              ],
              [
                -48.87673925999999,
                -26.31041802
              ],
              [
                -48.87417210000001,
                -26.31212802
              ],
              [
                -48.87365333999998,
                -26.31261402
              ],
              [
                -48.87325014,
                -26.31347496
              ],
              [
                -48.873155099999984,
                -26.315601030000018
              ],
              [
                -48.87285809999999,
                -26.31661803
              ],
              [
                -48.86712574,
                -26.32357191
              ]
            ]
          ]
        ]
      }
    },
    {
      "type": "Feature",
      "properties": {
        "bairro": "Ulysses Guimarães"
      },
      "geometry": {
        "type": "MultiPolygon",
        "coordinates": [
          [
            [
              [
                -48.78665874,
                -26.3306735
              ],
              [
                -48.78857417999998,
                -26.33281704
              ],
              [
                -48.78887730000001,
                -26.334207
              ],
              [
                -48.78892338,
                -26.33542803
              ],
              [
                -48.78908106,
                -26.33572098
              ],
              [
                -48.79065929999999,
                -26.337468960000013
              ],
              [
                -48.79288626000001,
                -26.33854698
              ],
              [
                -48.796549259999985,
                -26.33445297
              ],
              [
                -48.79832621999998,
                -26.33307003
              ],
              [
                -48.802601670000016,
                -26.33016088000002
              ],
              [
                -48.80237406,
                -26.32969399000001
              ],
              [
                -48.80260750999998,
                -26.32943719
              ],
              [
                -48.80232154,
                -26.32899948
              ],
              [
                -48.79562446,
                -26.32114816
              ],
              [
                -48.79554506,
                -26.320830540000014
              ],
              [
                -48.79498072,
                -26.32062636
              ],
              [
                -48.79517923,
                -26.3201556
              ],
              [
                -48.79460732999997,
                -26.32038188
              ],
              [
                -48.79466572,
                -26.3197304
              ],
              [
                -48.79500682,
                -26.319377009999986
              ],
              [
                -48.79479786000001,
                -26.31887304
              ],
              [
                -48.79430925,
                -26.31898674
              ],
              [
                -48.79428467,
                -26.31876549
              ],
              [
                -48.79433691,
                -26.31864564000001
              ],
              [
                -48.79532025999998,
                -26.31848584
              ],
              [
                -48.79543396,
                -26.31819084
              ],
              [
                -48.79532025999998,
                -26.31785281
              ],
              [
                -48.79552923,
                -26.31719212
              ],
              [
                -48.79547391,
                -26.3170231
              ],
              [
                -48.79478864,
                -26.316537569999987
              ],
              [
                -48.794757910000015,
                -26.31635012
              ],
              [
                -48.79494843,
                -26.316248710000014
              ],
              [
                -48.79549406000001,
                -26.31661454
              ],
              [
                -48.79562756,
                -26.31654372
              ],
              [
                -48.7958396,
                -26.31609199
              ],
              [
                -48.79578428,
                -26.3158062
              ],
              [
                -48.795639849999986,
                -26.31572938
              ],
              [
                -48.79479171,
                -26.31556036
              ],
              [
                -48.79372387999999,
                -26.315027240000013
              ],
              [
                -48.78549865,
                -26.31524329
              ],
              [
                -48.78519485999998,
                -26.31567799
              ],
              [
                -48.78539586,
                -26.3161238
              ],
              [
                -48.78625828,
                -26.31707838
              ],
              [
                -48.786219340000024,
                -26.31740657
              ],
              [
                -48.7855787,
                -26.317828360000014
              ],
              [
                -48.78458949999999,
                -26.31792389000001
              ],
              [
                -48.78362717000002,
                -26.317545640000013
              ],
              [
                -48.78297363,
                -26.31758593000002
              ],
              [
                -48.78288734,
                -26.31830215
              ],
              [
                -48.7818972,
                -26.31908092
              ],
              [
                -48.78193058,
                -26.319203290000015
              ],
              [
                -48.78268813,
                -26.31944905000001
              ],
              [
                -48.78316547,
                -26.31982074
              ],
              [
                -48.78405549,
                -26.32131708
              ],
              [
                -48.78401456,
                -26.321545920000013
              ],
              [
                -48.783704499999985,
                -26.321839859999987
              ],
              [
                -48.78321126999998,
                -26.32208121
              ],
              [
                -48.78298912,
                -26.32209569
              ],
              [
                -48.782660859999986,
                -26.32187685000001
              ],
              [
                -48.782660859999986,
                -26.32136623
              ],
              [
                -48.78246310999999,
                -26.32122848
              ],
              [
                -48.7816747,
                -26.32180103
              ],
              [
                -48.78096267999998,
                -26.32208471999999
              ],
              [
                -48.78158489,
                -26.32370801
              ],
              [
                -48.78146332,
                -26.324120630000014
              ],
              [
                -48.781068369999986,
                -26.3246157
              ],
              [
                -48.78104056,
                -26.32501621
              ],
              [
                -48.78122777,
                -26.32545175
              ],
              [
                -48.782203139999986,
                -26.32636236
              ],
              [
                -48.78235974000001,
                -26.32697254
              ],
              [
                -48.78266723,
                -26.32710215
              ],
              [
                -48.78515022,
                -26.329455
              ],
              [
                -48.785871299999975,
                -26.329905
              ],
              [
                -48.78665874,
                -26.3306735
              ]
            ]
          ]
        ]
      }
    },
    {
      "type": "Feature",
      "properties": {
        "bairro": "Vila Cubatão"
      },
      "geometry": {
        "type": "MultiPolygon",
        "coordinates": [
          [
            [
              [
                -48.77326806,
                -26.274239009999985
              ],
              [
                -48.77222622,
                -26.273918969999986
              ],
              [
                -48.77118438,
                -26.27328303
              ],
              [
                -48.77016917999999,
                -26.27223903
              ],
              [
                -48.77000034,
                -26.27488602
              ],
              [
                -48.76794329999998,
                -26.274733020000024
              ],
              [
                -48.76656306,
                -26.290254960000013
              ],
              [
                -48.76738025999999,
                -26.29015298999999
              ],
              [
                -48.76802825999998,
                -26.290332
              ],
              [
                -48.7685913,
                -26.29068804
              ],
              [
                -48.76969038,
                -26.29081503000001
              ],
              [
                -48.76988838,
                -26.29106901
              ],
              [
                -48.77016918,
                -26.29081503000001
              ],
              [
                -48.77126826,
                -26.290764
              ],
              [
                -48.77211318,
                -26.29109502
              ],
              [
                -48.77324033999999,
                -26.29106901
              ],
              [
                -48.77360718,
                -26.29132398
              ],
              [
                -48.77492838,
                -26.29156401
              ],
              [
                -48.774772409999976,
                -26.29090824000001
              ],
              [
                -48.77411822,
                -26.29072453999999
              ],
              [
                -48.77422903999999,
                -26.28968899
              ],
              [
                -48.77232138,
                -26.289722280000014
              ],
              [
                -48.77326806,
                -26.274239009999985
              ]
            ]
          ]
        ]
      }
    },
    {
      "type": "Feature",
      "properties": {
        "bairro": "Vila Nova"
      },
      "geometry": {
        "type": "MultiPolygon",
        "coordinates": [
          [
            [
              [
                -48.90761174,
                -26.301249870000017
              ],
              [
                -48.916160359999985,
                -26.29536236
              ],
              [
                -48.917363659999985,
                -26.29440877
              ],
              [
                -48.91853530999998,
                -26.29383596
              ],
              [
                -48.92040349,
                -26.29364089
              ],
              [
                -48.92285603,
                -26.294175930000016
              ],
              [
                -48.92407098,
                -26.29457927
              ],
              [
                -48.92485708,
                -26.2942031
              ],
              [
                -48.92604897999998,
                -26.29386067000002
              ],
              [
                -48.92609342999999,
                -26.293022720000018
              ],
              [
                -48.92707955,
                -26.29295522000001
              ],
              [
                -48.92852895,
                -26.266147560000018
              ],
              [
                -48.9196203,
                -26.26583499
              ],
              [
                -48.91914524,
                -26.26522266
              ],
              [
                -48.91876926,
                -26.26508097
              ],
              [
                -48.91823322,
                -26.265168
              ],
              [
                -48.91657433999998,
                -26.26589196
              ],
              [
                -48.9158781,
                -26.265915989999986
              ],
              [
                -48.91507926,
                -26.26571403
              ],
              [
                -48.91321013999998,
                -26.265570030000017
              ],
              [
                -48.9128271,
                -26.26460703
              ],
              [
                -48.91231626000001,
                -26.26443504
              ],
              [
                -48.91105626000002,
                -26.26473303
              ],
              [
                -48.91021026,
                -26.26537104
              ],
              [
                -48.90995034,
                -26.26542197999998
              ],
              [
                -48.90618114,
                -26.265294
              ],
              [
                -48.90500609999999,
                -26.26544097
              ],
              [
                -48.90161526,
                -26.26530101999999
              ],
              [
                -48.89997618,
                -26.26484301000001
              ],
              [
                -48.89913738,
                -26.26556202
              ],
              [
                -48.898577220000014,
                -26.265843
              ],
              [
                -48.89812434000001,
                -26.26587801
              ],
              [
                -48.89702634,
                -26.266661010000032
              ],
              [
                -48.89630418,
                -26.267367959999987
              ],
              [
                -48.89539014000002,
                -26.26864002
              ],
              [
                -48.893543340000015,
                -26.274441960000015
              ],
              [
                -48.89295006,
                -26.275913010000014
              ],
              [
                -48.88507721999998,
                -26.28972603
              ],
              [
                -48.88420313999997,
                -26.29299204
              ],
              [
                -48.88303134,
                -26.30023803
              ],
              [
                -48.8831991,
                -26.30001303
              ],
              [
                -48.8834691,
                -26.29996101
              ],
              [
                -48.88570506,
                -26.30027096999999
              ],
              [
                -48.88609422000001,
                -26.30016603
              ],
              [
                -48.88696506,
                -26.299557990000014
              ],
              [
                -48.89247234,
                -26.29971702
              ],
              [
                -48.89545925999999,
                -26.299951020000012
              ],
              [
                -48.8952903,
                -26.30325967000001
              ],
              [
                -48.90146935,
                -26.30353631
              ],
              [
                -48.904374529999984,
                -26.30351873
              ],
              [
                -48.90761174,
                -26.301249870000017
              ]
            ]
          ]
        ]
      }
    },
    {
      "type": "Feature",
      "properties": {
        "bairro": "Zona Industrial 1"
      },
      "geometry": {
        "type": "MultiPolygon",
        "coordinates": [
          [
            [
              [
                -48.89405442,
                -26.22485807
              ],
              [
                -48.893269019999984,
                -26.22622894
              ],
              [
                -48.89228371,
                -26.226942940000015
              ],
              [
                -48.88244302000001,
                -26.23010866
              ],
              [
                -48.88934530999999,
                -26.23659367
              ],
              [
                -48.89262533999999,
                -26.238816990000025
              ],
              [
                -48.894438299999976,
                -26.24048802
              ],
              [
                -48.89494805999998,
                -26.24119299
              ],
              [
                -48.89586138,
                -26.243001990000018
              ],
              [
                -48.89649822,
                -26.24358996
              ],
              [
                -48.89900922,
                -26.245017
              ],
              [
                -48.89936022,
                -26.24546097
              ],
              [
                -48.899641379999984,
                -26.24614002
              ],
              [
                -48.89968818,
                -26.247911039999977
              ],
              [
                -48.90415434,
                -26.24801301
              ],
              [
                -48.90894810000002,
                -26.24987304
              ],
              [
                -48.9099003,
                -26.25153903
              ],
              [
                -48.91039134000001,
                -26.25189399000001
              ],
              [
                -48.911140140000015,
                -26.251957980000014
              ],
              [
                -48.91166718,
                -26.25184098
              ],
              [
                -48.91243506,
                -26.25141996
              ],
              [
                -48.91420914,
                -26.251272
              ],
              [
                -48.91511706,
                -26.25156999000002
              ],
              [
                -48.91638534,
                -26.25253497
              ],
              [
                -48.9187401,
                -26.253258030000023
              ],
              [
                -48.92463833999998,
                -26.25346899
              ],
              [
                -48.92418618,
                -26.25201702
              ],
              [
                -48.92449613999999,
                -26.25114501
              ],
              [
                -48.92505126000001,
                -26.250237
              ],
              [
                -48.92503433999999,
                -26.24905503
              ],
              [
                -48.92488637999998,
                -26.24875002
              ],
              [
                -48.92483022,
                -26.24795298
              ],
              [
                -48.925565339999984,
                -26.24709204
              ],
              [
                -48.92555238000001,
                -26.24630795999999
              ],
              [
                -48.9259041,
                -26.245566
              ],
              [
                -48.92580438,
                -26.245065959999987
              ],
              [
                -48.92526834,
                -26.244455040000013
              ],
              [
                -48.92526726,
                -26.24411502
              ],
              [
                -48.92477514,
                -26.242866
              ],
              [
                -48.92489213999998,
                -26.24251698
              ],
              [
                -48.92542638,
                -26.24198598
              ],
              [
                -48.9256971,
                -26.24149404
              ],
              [
                -48.92632529999998,
                -26.235684
              ],
              [
                -48.92628029999998,
                -26.235295020000034
              ],
              [
                -48.92587134,
                -26.23451202
              ],
              [
                -48.92394426,
                -26.23233303
              ],
              [
                -48.92018226,
                -26.23179797999999
              ],
              [
                -48.91599114,
                -26.23047399
              ],
              [
                -48.91448922,
                -26.23012299
              ],
              [
                -48.91385813999998,
                -26.23021596
              ],
              [
                -48.91266113999998,
                -26.230647959999988
              ],
              [
                -48.91117836,
                -26.23072315000001
              ],
              [
                -48.90760926,
                -26.23171203
              ],
              [
                -48.9026571,
                -26.231723010000014
              ],
              [
                -48.90156414,
                -26.231588009999985
              ],
              [
                -48.89843429999998,
                -26.230815
              ],
              [
                -48.9005493,
                -26.227233
              ],
              [
                -48.89747634,
                -26.225298990000017
              ],
              [
                -48.89547113999998,
                -26.22541896
              ],
              [
                -48.89405442,
                -26.22485807
              ]
            ]
          ]
        ]
      }
    },
    {
      "type": "Feature",
      "properties": {
        "bairro": "Zona Industrial 2"
      },
      "geometry": {
        "type": "MultiPolygon",
        "coordinates": [
          [
            [
              [
                -48.80868234,
                -26.284291020000012
              ],
              [
                -48.80476014,
                -26.28831402
              ],
              [
                -48.79917785,
                -26.29347496
              ],
              [
                -48.8055914,
                -26.30497297
              ],
              [
                -48.80736329999997,
                -26.303301
              ],
              [
                -48.80984405999999,
                -26.299431
              ],
              [
                -48.810727139999976,
                -26.29833597000001
              ],
              [
                -48.81408917999999,
                -26.295130980000014
              ],
              [
                -48.81466338,
                -26.295380009999988
              ],
              [
                -48.81599106,
                -26.29452798
              ],
              [
                -48.81520734,
                -26.29403802
              ],
              [
                -48.8133591,
                -26.29139697000001
              ],
              [
                -48.81119406000001,
                -26.28913896
              ],
              [
                -48.80982534,
                -26.284906980000017
              ],
              [
                -48.80948621999998,
                -26.28450504
              ],
              [
                -48.80868234,
                -26.284291020000012
              ]
            ]
          ]
        ]
      }
    }
  ]
}